{
    "name": "",
    "costType": "",
        "cost": "0",
    "requiredLevel": "0",
    "learningCost": "0",
    "skillType": "",
    "statType": "",
    "requiredStat": "0",

    "skillTags": [ ""],
    "fetishTags": [ ""],

    "startsStance": [ ""],
    "requiresStance":  "Any",
    "unusableIfStance": [ ""],
    "requiresTargetStance": [ "Any"],
    "unusableIfTarget": [ ""],
    "removesStance": [ "None"],

    "requiresPerk": [ ""],
    "requiresOnePerk": [ ""],
    "unusableIfPerk": [ ""],
    "requiresPerkSelf": [ ""],
    "requiresOnePerkSelf": [ ""],
    "unusableIfPerkSelf": [ ""],

    "requiresStatusEffect": "None",
    "requiresStatusPotency": "0",
    "unusableIfStatusEffect": [ "None"],
        "requiresStatusEffectSelf": "None",
        "requiresStatusPotencySelf": "0",
        "unusableIfStatusEffectSelf": [ "None"],

        "scalesWithStatusEffect": "",
        "flatDamageSF-FlatScaling": "0",
        "flatDamageSF-PercentScaling": "0",
        "totalDamageSF-PercentScaling": "0",

    "targetType": "single",
        "accuracy": "0",
        "initiative": "0",

    "power": "10",
        "minRange": "100",
        "maxRange": "100",
    "recoil": "0",
    "critDamage": "0",
    "critChance": "0",

    "statusEffect": "None",
        "statusPotency": "0",
        "statusEffectScaling": "0",
        "statusDuration": "0",
        "statusChance": "0",
        "statusResistedBy": "",

    "statusText": "",
    "descrip": "",
    "outcome": "",
    "miss": "",
    "statusOutcome": "",
    "statusMiss": "",

    "restraintStruggle": [ ""],
    "restraintStruggleCharmed": [ ""],
    "restraintEscaped": [ ""],
    "restraintEscapedFail": [ ""]
}
