{
    "name": "Foot Worship",
    "costType": "ep",
        "cost": "5",
    "requiredLevel": "1",
    "learningCost": "50",
    "skillType": "attack",
    "statType": "Allure",
    "requiredStat": "0",
    "skillTags": ["Mouth"],
    "fetishTags": ["Feet"],
    "startsStance": [""],
    "requiresStance": "Trampling",
    "unusableIfStance": [""],
    "requiresTargetStance": ["Trampling"],
    "unusableIfTarget": [""],
    "removesStance": ["None"],
    "requiresPerk": [""],
    "requiresOnePerk": "",
    "unusableIfPerk": [""],
    "requiresPerkSelf": [""],
    "requiresOnePerkSelf": "",
    "unusableIfPerkSelf": [""],
    "requiresStatusEffect": "None",
    "requiresStatusPotency": "0",
    "unusableIfStatusEffect": ["None"],
    "targetType": "single",
        "accuracy": "0",
        "initiative": "0",
    "power": "35",
        "minRange": "90",
        "maxRange": "110",
    "recoil": "50",
    "critDamage": "0",
    "critChance": "15",
    "statusEffect": "None",
        "statusPotency": "0",
        "statusEffectScaling": "0",
        "statusDuration": "0",
        "statusChance": "0",
        "statusResistedBy": "",
    "statusText": "",
    "descrip": "Give in to your desire to worship and grovel at the feet trampling your body. Recoils intensely from worshiping. This is an Indulgent skill",
    "outcome": "[AttackerName] licks and caresses the foot of the woman dominating [AttackerHimOrHer]. [TargetName] revels in watching as [AttackerName] fervently worships [TargetHisOrHer] foot, and playfully presses her foot against the mouth of [AttackerName]",
    "miss": "[AttackerName] worshipfully kisses at [TargetName]'s foot as it dominates [AttackerHisOrHer] face, but it seems like [TargetName] is too busy plotting [TargetHisOrHer] next move to enjoy [AttackerHisOrHer]'s worship.",
    "statusOutcome": "",
    "statusMiss": "",
    "restraintStruggle": [""],
    "restraintStruggleCharmed": [""],
    "restraintEscaped": [""],
    "restraintEscapedFail": [""]
}
