{
    "name": "SalarisTrampleLoss",
    "CardType": "",
    "CardLimit": "0",
    "Description": "",
    "requires": [ ""],
    "requiresEvent": [
        {
            "NameOfEvent": "",
            "Progress": "99",
            "ChoiceNumber": "-1",
            "Choice": ""
        }
    ],
    "Speakers": [
        {
            "name": "Salaris",
            "postName": "",
            "SpeakerType": ""
        },
        {
            "name": "Salaris",
            "postName": "",
            "SpeakerType": ""
        },
        {
            "name": "Salaris",
            "postName": "",
            "SpeakerType": ""
        }
    ],
    "EventText": [
        {
            "NameOfScene": "EventStart",
            "theScene": [
                "You shake underneath the Salaris' feet as your final orgasm leaves you panting as you lay on the floor, the paralysis from her tongue lashing at your body taking more and more control as your arms, legs, and torso stiffen.",
                "The Salaris lets out a wicked grin as your struggles end and watches as you are reduced to a panting mess on the floor. She slowly lets her tongue trail along your chest briefly before pulling her tongue back into her mouth.",
                "Speaks",
                    "How is it, being stuck under my feet while my paralysis robs you of the ability to even struggle against me?",
                "Speaks",
                    "I hope you are prepared, because you aren't out of the woods just yet, not by a long shot.",
                "DisplayCharacters",
                    "2",
                    "3",
                    "1",
                    "2",
                    "3",
                "EndLoop",
                "You feel a twinge of panic in your body as the Salaris steps off of your face and makes a rapid clicking noise with her tongue, and summons several more Salaris from the shadows. They each eye you hungrily as they approach, their long tongues darting from their lips as they observe your prone body.",
                "Speaks",
                "We've gathered here to make sure there's not a drop of your cum left, how just lay back and enjoy yourself.",
                "The original Salaris stands above your face, the paralysis has spread throughout your body from the neck down, leaving your head free to watch as a giant, webbed foot descends onto your face, covering it entirely. The Salaris immense foot blocks out all light around you and sends you into darkness, while also restricting your breathing through her damp, earthy foot.",
                "You take what little breath you can get, lost in the sensation of the Salaris slimy foot smearing and grinding against your face. Unbeknownst to you, the rest of the Salarisi gather around your body, each of them filled with ideas on what to do with you.",
                "One Salaris takes your hand and guides it up to her modest breast, manipulating your fingers with ease and precision as she uses you to massage herself. Another Salarisi places a foot upon your chest, and simply lowers her weight onto you as her tail coils around your neck, letting her feel the changes in your restricted breathing pattern as she toys with you.",
                "A fourth Salarisi sandwiches your erect cock inbetween her feet, coating and lubricating your member in her slick, moisturizing mucus. She teasingly begins to glide her feet up and down the length of your cock, enjoying the sounds of your muffled moans coming from underneath the foot of the first Salaris.",
                "The final Salaris lifts and spreads your legs so they rest on her shoulders. She licks her lips once as she begins to snake her long, dextrous tongue towards your unsuspecting rear.",
                "The darkness underneath the main Salaris' foot has made you hyper aware of everything else that is happening to you, and you let out a yelp of pleasure as you feel the cool, slimy feel of a tongue press against your asshole.",
                "The fifth Salaris gently strokes your asshole with her tongue, lubricating it just enough that with a simple push it is enough to penetrate into your ass. Her thrusting tongue elicits a moan as it pumps deeper and deeper into you body, shaking you like you were being fucked in the ass.",
                "The combined assault on your senses by the five Salarisi leaves you a horny mess as your unending stream of moans fires off into the foot of the original Salaris, who slowly grinds her wide sole across your face.",
                "Your body offers no resistance as the pleasure building up in your body hits a breaking point, and your cock instantly fires off a load into the air, with each of the Salaris with a free tongue firing out to grab whatever scraps they can before it hits the ground.",
                "PlayerOrgasm", "1",
                "The exhaustion in your body is thorough, and although your cock aches from exertion as well, the still grinding feet of the third Salaris on your cock eventually causes it to stiffen again, just to keep their playtime with you going.",
                "However, the paralyzing venom in your body begins to wear off, leaving only the area around your ass feeling paralyzed from the tongue remaining in you for so long. Your fingers slowly come back under your control as the sensation of the Salaris' breast in your hands comes to you.",
                "As the paralysis ends across your body, an aching sensation hits you like a truck, partially caused by the two Salaris who have been interfering with and limiting your breath. The earthy scent of the first salaris has dominated your mind for so long, you have begun to enjoy the scent of her gooey, mucus-coated foot.",
                "Each of the Salaris can tell that you are coming back to your senses, and redouble their efforts to wring the last of your cum from your body, replacing the aches in your body with overwhelming sensations of pleasure as you grope, are groped and fucked simultaneously. These sensations overpower your mind and so soon after your last orgasm you are forced to cum again into the air.",
                "PlayerOrgasm", "1",
                "The Salaris feast on your seed again, and this time your cock does not restiffen under the feet of the Salaris, causing them to let out a dejected snort. Slowly, each of them pulls away from you until it is just you and the original Salaris woman.",
                "She pulls her foot off of you and marvels at your face being coated in a thick layer of her mucus. She flicks her tongue at your flirtingly before slinking off, leaving you to pass out in peace and warp back to town.",
                "ChangeFetish", "Feet", "10",
                "ChangeFetish", "Submitting", "10",
                "ChangeFetish", "Sex", "10",
                "ChangeSensitivity", "Mouth", "5",
                "ChangeSensitivity", "Sex", "5",
                "GameOver"
            ]
        }

    ]
}