{
    "IDname": "Ancilla",
    "Addition": "Yes",
    "skillList": [ "Cordial Steps", "Cordial Steps", "Cordial Steps", "Cordial Steps", "Cordial Steps", "Cordial Steps", "Cordial Steps", "Cordial Steps", "Matted Down", "Prim Appearance", "Proper Behavior", "Smoothing Out" ],
    "perks": [ ""],
    "ItemDropList": [],

    "lossScenes": [
        {
            "NameOfScene": "Trampling Loss Scene",
            "move": "",
            "stance": "Trampling",
            "includes": [ ""],
            "theScene": [
                "ChangeImageLayer", "Expression", "1", "Base Blush",
            "You gasp in passion as your body sputters and releases your last bit of energy in a twitching orgasm that leaves you breathless as Ancilla keeps her foot planted firmly over your face, forcing you to suck what little air you can get through her thoroughly cleaned stockings.",
            "Speaks",
            "Oh poor thing, you lost.",
            "Ancilla adjusts her weight slightly, pressing the ball of her foot directly into your open mouth as she centers herself properly.",
            "Speaks",
            "I will make sure to relieve you of your excess energy now, so just relax.",
            "Ancilla shoots a glance back at your still twitching dick, which feels slightly cold exposed to the air of the dungeon. Ancilla grabs one of her discarded shoes and lowers it so that it hangs on your still-erect member, which now basks in the glowing afterheat of Ancilla's foot.",
            "With her preparations complete, Ancilla returns her focus onto you and slowly begins to knead your face with her foot, using her sole to press down against your face with ease. Ancilla effortlessly moves your head around with her foot, watching as your head rolls from side to side as her foot pushes against it.",
            "As Ancilla's foot dominates you, you are awash in comfort as the gentle heat of Ancilla's foot stroking your face works its way down into your body, and you feel at peace even as Ancilla pushes more weight onto you as her foot rolls your head to the side and she leans forward, exerting herself onto you.",
            "The added weight only makes you more aware of the gentle feeling of her socks in contrast, the scent of her perfume lingers in your nose as her foot mashes it all across your body, exciting your senses as you long for something greater.",
            "Your hands start to wander down to your dick, still hiding underneath Ancilla's shoe and basking in its fading warmth. Ancilla takes notice of your actions and in a flash pins one of your wrists under her other foot, briefly causing her to place her full weight on your face.",
            "The brief moment of being stepped on that hard shocks you out of your comfortable mindset as your other hand stops short at your side as Ancilla slowly shifts her weight between your face and your wrist as she glares at you, although you are unable to see her through the foot that dominates your vision.",
            "Speaks",
            "I believe I was quite clear in my command to relax, not to enjoy yourself.",
            "Her stern words strike true in your head, but you cannot help yourself as her warm stockings entice your mind and drives you forward with pleasure. The shock of Ancilla's movements fade out again as pleasure and comfort become the forethought in your mind, and you look for another outlet for your urges.",
            "Ancilla starts to shift her weight again, lifting her sole off your mouth for just a second as she prepares to renew her trampling of your face, you quickly pucker your lips and as Ancilla's sole descends back onto your face you meet it with a deep, long kiss.",
            "Startled by your actions, Ancilla arches an eyebrow and tries to question you about what you are doing, but her words do not reach you as you give into your impulses and go for kiss after kiss with her heavenly sole.",
            "Each kiss you place on her sole fills you with a new form of pleasure, a need to serve someone from underneath them and their perfect feet. This sensation continues to build as feelings of pleasure spread from your head and are received in your manhood, slowly building up inside your dick.",
            "You doggedly kiss at every part of Ancilla's foot that you can get your mouth on, worshipping with your lips as Ancilla stares down at you, wondering how this trampling session became one of worshipping her feet. Trying to regain control over you, she presses her weight down, trying to pin your lips down more effectively by leaning her weight onto you.",
            "With your lips restrained by the weight put upon you by Ancilla, you force your tongue through the thin opening left and press it against Ancilla's stockinged foot, taking in the lightly salty taste of her sweat that is counterbalanced by the smell of her perfume that continues to bombard your senses.",
            "Ancilla is lightly surprised that you found a new way to rebel and continue worshipping her, but at this point she has given into her own desires to see you worship her and slowly drags her foot around your face, allowing you to lick and kiss at every inch of her sole as she watches you with great interest.",
            "As this keeps going on, the heat and partial lack of oxygen underneath Ancilla's foot starts to interfere with your ability to stay conscious, as you slowly find it harder and harder to keep your eyes open as your tongue also begins to slow down more and more.",
            "Ancilla takes notice of your flagging consciousness and raises her sole off your mouth and pinches your nose with her toes as she cuts off your more automatic breathing as she forces you to take a deep breath through your mouth, perking you up as the sudden closing off of your nose brings you back into the moment.",
            "Even as Ancilla does her best to keep you awake through messing with your nose, and occasionally bringing her foot to the side of your face to nudge you, you still feel the longing pull of exhaustion and sleepiness taking hold, beckoning you pass out under her feet.",
            "Ancilla sees your eyes continue to flutter and close, all while you struggle to maintain your worship of her feet. She tries to keep you awake by taking her foot off your face and moves it out to the side, before swinging it inwards and striking you on the cheek with a lazy kick.",
            "The sudden strike jars you for a second, but it has no long term impact on your ability to stay awake as the foot returns to smothering your face, and the stinging mark on your cheek fades away into the dull, sleep-inducing heat that was there before the strike landed.",
            "Ancilla presses her weight more and more onto your face, using her toes to pinch your nose and ensuring that your mouth is closed fully as she stares down into your eyes, which strain at the new lack of air flowing into your body.",
            "You panic and flail your free arm against her foot, clawing at it and trying to pull it off your face. Ancilla blankly stares at you as she holds this position for several seconds before finally pulling her foot off your face fully and steps off of you.",
            "The air of the dungeon fills your lungs again as try to sit up, but the exhaustion of the fight and your oxygen deprived brain keep you on the ground, beckoning you to fall asleep.",
            "Ancilla begins to prepare to leave, and collects her shoe off your aching dick, which swells and longs for interaction that it does not receive as Ancilla lightly dabs out the precum in her insole, slips the shoe on, and walks away to another part of the dungeon.",
            "Unable to maintain yourself any longer, you finally let yourself succumb to your body's will and pass out, waiting to return to the church...",
            "ChangeFetish", "Feet", "10",
            "ChangeFetish", "Submitting", "10",
            "ChangeSensitivity", "Mouth", "5",
            "GameOver"
            ],
            "picture": ""
        }
    ],
    "combatDialogue": [
        {
            "lineTrigger": "HitWith",
            "move": "Foot Worship",
            "theText": [
                "|f|ChangeImageLayer|/|Expression|/|Base Blush|n|'...Mnn...♥'",
                "|f|ChangeImageLayer|/|Expression|/|Base Blush|n|'...Mnn...'"
            ]
        },
        {
            "lineTrigger": "UsesMove",
            "move": "Smoothing Out",
            "theText": [
            "|f|ChangeImageLayer|/|Expression|/|Base|n|'...♥'",
            "|f|ChangeImageLayer|/|Expression|/|Disgust|n|'Do you like this?'",
            "|f|ChangeImageLayer|/|Expression|/|Base|n|She stares down at your shaft with an unreadable expression."
            ]
        },
        {
            "lineTrigger": "UsesMove",
            "move": "Proper Behavior",
            "theText": [
            "|f|ChangeImageLayer|/|Expression|/|Base|n|'...♥'",
            "|f|ChangeImageLayer|/|Expression|/|Base|n|She stares down at your shaft with an unreadable expression."
            ]
        },
        {
            "lineTrigger": "UsesMove",
            "move": "Prim Appearance",
            "theText": [
            "|f|ChangeImageLayer|/|Expression|/|Base|n|'...♥'",
            "|f|ChangeImageLayer|/|Expression|/|Base|n|She stares down at your shaft with an unreadable expression."
            ]
        },
        {
            "lineTrigger": "UsesMove",
            "move": "Matted Down",
            "theText": [
            "|f|ChangeImageLayer|/|Expression|/|Base|n|'Are you comfortable?'",
            "|f|ChangeImageLayer|/|Expression|/|Base|n|'...♥'",
            "|f|ChangeImageLayer|/|Expression|/|Disgust|n|'Do you like this?'"
            ]
        },
        {
            "lineTrigger": "UsesMove",
            "move": "Cordial Steps",
            "theText": [
            "|f|ChangeImageLayer|/|Expression|/|Base|n|'Are you comfortable?'",
            "|f|ChangeImageLayer|/|Expression|/|Base|n|'Relax.'",
            "|f|ChangeImageLayer|/|Expression|/|Base|n|'I will take care of you.'"
            ]
        },
        {
            "lineTrigger": "StanceStruggle",
            "move": "Trampling",
            "theText": [ "[ThePlayerName] struggles to escape [AttackerName]'s sock-clad feet..."]
        },
        {
            "lineTrigger": "StanceStruggleFail",
            "move": "Trampling",
            "theText": [ "But the softness of her socks on your face lulls you to a sense of comfort for a moment.",
                         "But [AttackerName] presses her sock into your nose and the calming scent makes you yawn.",
                         "But [AttackerName] suddenly roughly kicks you in the stomach to shock you out of what you're doing."]
        },
        {
            "lineTrigger": "StanceStruggleComment",
            "move": "Trampling",
            "theText": [ "'Still resisting?'",
                         "'She gives you a blank stare'",
                         "'Are you comfortable?'"]
        },
        {
            "lineTrigger": "StanceStruggleFree",
            "move": "Trampling",
            "theText": [ "And manages to slide out from underneath her feet."]
        },
        {
            "lineTrigger": "StanceStruggleFreeComment",
            "move": "Trampling",
            "theText": [ "'She stares at you with an unreadable expression on her face.'"]
        },
        {
            "lineTrigger": "OnPlayerOrgasm",
            "move": "Trampling",
            "theText": [ "You feel the pressure surging in your groin as Ancilla continues to harshly press her feet down against your body and face. The clean and sweet smell of her feet drives you mad as you finally cum. Ancilla glances back at the mess you made and lets out an imperceptible sigh."
                      ]
        }
    ],
    "victoryScenes": [],
    "pictures": []
}
