{
    "IDname": "Feng",
    "Addition": "Yes",
    "skillList": [ "Jiangshi Burial", "Claws Out", "Submitting Prey", "Wild Foot Trap", "Wild Foot Trap", "Wild Foot Trap", "Wild Foot Trap", "Wild Foot Trap", "Wild Foot Trap", "Wild Foot Trap", "Wild Foot Trap", "Wild Trampling" ],
    "perks": [ ""],
    "ItemDropList": [],

    "lossScenes": [
        {
            "NameOfScene": "Trampling Loss Scene",
            "move": "",
            "stance": "Trampling",
            "includes": [ ""],
            "theScene": [
            "Your body releases the last of its fighting spirit as you cum, and you feel your body loosen and relax, all while still trapped under Feng's dominating feet.",
            "ChangeImageLayer", "Expression","1", "Smug",
            "Speaks",
            "Well well well, guess its my win today.♪",
            "She looks at your defeated body with a smug look as your eyes peer out just over her toes and she wiggles them enthusiastically in your face. You groan as Feng's towering body keeps enough weight split between your chest and face that you cannot move outside of your limbs, but you lack the strength to pull Feng off of you.",
            "Having fully subdued you, Feng stops drumming her toes on your face and tightly pinches your nose with her toes. The painful grip of her toes is enough that it causes you to gasp and try to scream out in shocked pain, but Feng was waiting for that moment as she drives the heel of her foot into your open mouth and muffles the incoming scream.",
            "With Feng's toes blocking your nose, and her heel wedged into your mouth, you feel your lungs immediately panic as the air inside your body feels like it starts to run out.",
            "As the air in your body thins, your brain is overwhelmed by the sensation that this lack of breath induces in you. The flow of blood throughout your body heightens briefly and you notice your limp cock slowly begins to become erect again, despite the circumstances.",
            "ChangeImageLayer", "Expression","1", "Pleasured",
            "Feng watches the struggles of your body and takes great pleasure in watching your moment of panic mix into a moment of pleasure as her face lights up with joy as she sees your cock become erect again.",
            "Speaks",
            "Wow, I didn't think that would be enough to get you going again, guess my feet are that good for you, huh?",
            "Feng lifts her foot out of your mouth and allows you to breathe again, hovering her sole just an inch or two above your face so that each breath is filled with the mixed scent of her sweat and perfume, which invades your brain more and more with each breath.",
            "You notice as your breathing stabilizes, the taste of sweat has filled your mouth entirely, and you notice that Feng's body heat must be so high that she has been sweating the entire fight against you, which now permeates the entirety of her bodysuit.",
            "ChangeImageLayer", "Expression","1", "Smile",
            "Not giving you a chance to dwell on that fact, Feng lowers her foot back down onto your face, slowly adding more and more weight onto you as she pin you down entirely.",
            "Having secured your face under her foot again, Feng mocks your inability to fight back by moving her foot around your face, slowly and rhythmically tapping her toes all over your face. The fast-beatings of her hot, sexy toes combines with your body's still high blood pressure to ensure that your pleasure centers are going crazy for Feng's dominating feet.",
            "With the scent of her feet, and the beating of her toes, you fall more and more in love with Feng's foot, and even in your exhausted state you still manage to purse your lips and plant a kiss onto Feng's toes as they travel past your lips. This kiss catches Feng by surprise, shocked that you still had some energy left in the tank.",
            "ChangeImageLayer", "Expression","1", "Horny",
            "Speaks",
            "Still had some gas left in the tank? Well how about I squeeze all that energy out of you?",
            "Feng raises her foot into the air above your face, before bringing it down in a hardcore stomp that rocks your senses as your vision swims and a wave of pleasure rather than pain pulses across your body.",
            "The mix of sensations running through your body sends your mind into overdrive, and as it spins from the impact of Feng's stomping feet you do what comes first in your mind as you continue to kiss at Feng's stockinged foot.",
            "ChangeImageLayer", "Expression","1", "Panic",
            "Feng stands atop you, bewildered that you use the remnants of your strength to worship her foot even after taking such a stomp.",
            "You ignore her as you continue to plant kiss after kiss onto the sole of Feng's foot, which eventually melts away her confusion and replaces it with a lust to dominate your weary and exhausted body.",
            "As you go for another deep kiss with Feng's sole, her foot retreats for a moment, leaving you with your mouth agape. Taking advantage of your slow reactions, Feng drive the toes of her foot directly into your mouth, filling it with the sensation and taste of her sweaty foot.",
            "ChangeImageLayer", "Expression","1", "Smile",
            "You attempt to react to this and move your head and reposition, but Feng's toe grab hold of your tongue in a pinching motion and you stop your struggles as Feng looks down at you with a smug grin.",
            "The two of you pause as Feng lets you reflect on the sensation of her sweaty, salty foot hang around in your mouth. The taste sensation builds on top of the memory you had at the start of this session with her, and the fresh taste of her sweat only serves to heighten the moment of pleasure in your brain.",
            "Your tongue struggles and eventually Feng relents and releases the pinching hold she has on your tongue as she watches in amazement that you continue to lick at her sweaty toes that dominate your mouth, lovingly running your tongue over each individual toe and trying to lick inbetween them in spite of the tight bodysuit that covers her feet.",
            "With each lick, however, your exhaustion builds more and more as the effects of the fight beforehand build up inside you, and your tongue slows its worshipful licks until they finally come to a close, leaving you exhausted as all you can do is try to catch your breath as your eyes droop.",
            "Feng slowly pulls off of your body, and as her weight leaves your chest and face you manage to get a full breath of air into your lungs for the first time in minutes, but it is far too late for you to do anything more than lay on the ground at this rate.",
            "Feng slowly puts her shoes back on before waving you off as the blackness of exhaustion takes over, and you pass out...",
            "ChangeFetish", "Feet", "10",
            "ChangeFetish", "Submitting", "10",
            "ChangeSensitivity", "Mouth", "5",
            "GameOver"
            ],
            "picture": ""
        }
    ],
    "combatDialogue": [
        {
            "lineTrigger": "HitWith",
            "move": "Foot Worship",
            "theText": [
                "|f|ChangeImageLayer|/|Expression|/|Smile|n|'Mmmm,♥ Hehe, that all?'",
                "|f|ChangeImageLayer|/|Expression|/|Base|n|'You're really getting me fired up.♥'",
                "|f|ChangeImageLayer|/|Expression|/|Base|n|'You aren't going to beat me like that.♪'"
            ]
        },
        {
            "lineTrigger": "UsesMove",
            "move": "Jiangshi Burial",
            "theText": [
                "|f|ChangeImageLayer|/|Expression|/|Loving|n|'Hmmm...♥'",
                "|f|ChangeImageLayer|/|Expression|/|Loving|n|'Hehehe...♪'",
                "|f|ChangeImageLayer|/|Expression|/|Smug|n|'Come on, break free already.♪'"
            ]
        },
        {
            "lineTrigger": "UsesMove",
            "move": "Claws Out",
            "theText": [
                "|f|ChangeImageLayer|/|Expression|/|WildGrin|n|'You're not getting away now.♪'",
                "|f|ChangeImageLayer|/|Expression|/|Base|n|'Hehehe... Get ready.♪'",
                "|f|ChangeImageLayer|/|Expression|/|WildGrin|n|'Am I being too rough?♪'"
            ]
        },
        {
            "lineTrigger": "UsesMove",
            "move": "Submitting Prey",
            "theText": [
                "|f|ChangeImageLayer|/|Expression|/|Loving|n|'Hmmm...♥'",
                "|f|ChangeImageLayer|/|Expression|/|Loving|n|'Hehehe...♪'",
                "|f|ChangeImageLayer|/|Expression|/|Smug|n|'Come on, break free already.♪'"
            ]
        },
        {
            "lineTrigger": "UsesMove",
            "move": "Wild Foot Trap",
            "theText": [
                "|f|ChangeImageLayer|/|Expression|/|Base|n|'What's wrong? Can't get away?♪'",
                "|f|ChangeImageLayer|/|Expression|/|HappyOpenMouth|n|'Gotcha!♪'",
                "|f|ChangeImageLayer|/|Expression|/|Base|n|She lets out a rather playful growl."
            ]
        },
        {
            "lineTrigger": "UsesMove",
            "move": "Wild Trampling",
            "theText": [
                "|f|ChangeImageLayer|/|Expression|/|WildGrin|n|'You're not getting away now.♪'",
                "|f|ChangeImageLayer|/|Expression|/|WildGrin|n|'Come on!♥ Come on!♥'",
                "|f|ChangeImageLayer|/|Expression|/|WildGrin|n|'Am I being too rough?♪'"
            ]
        },
        {
            "lineTrigger": "StanceStruggle",
            "move": "Trampling",
            "theText": [ "[ThePlayerName] struggles to escape [AttackerName]'s powerful clawed feet..."]
        },
        {
            "lineTrigger": "StanceStruggleFail",
            "move": "Trampling",
            "theText": [ "But [AttackerName] presses her claws against your skin, causing you to settle down.",
                         "But [AttackerName] kicks at your feet with ease and bats them away.",
                         "But [AttackerName] is gripping onto you too tightly with her feet.."]
        },
        {
            "lineTrigger": "StanceStruggleComment",
            "move": "Trampling",
            "theText": [ "'Tsk tsk, you can't even face my feet!'",
                         "'You're not getting away!♪'",
                         "'Not yet, I wanna watch you squirm!♥'"]
        },
        {
            "lineTrigger": "StanceStruggleFree",
            "move": "Trampling",
            "theText": [ "And manages to throw [AttackerName] off balance and escape!"]
        },
        {
            "lineTrigger": "StanceStruggleFreeComment",
            "move": "Trampling",
            "theText": [ "'Get back here!'",
                         "'She gives you a wolfish grin, showing off her sharp teeth...",
                         "'Hehe, what if I promise to not use my claws next time?"]
        },
        {
            "lineTrigger": "OnPlayerOrgasm",
            "move": "Trampling",
            "theText": [ "Feng's toe claws press against your body and as the aphrodisiac courses through your body you can't help but let your body release, and as you cum you see Feng's tail swish as she mockingly strokes your face with her foot. 'That's a good boy, come for how my feet make you feel.'"
                      ]
        }
    ],
    "victoryScenes": [],
    "pictures": []
}
