{
    "IDname": "Himika",
    "Addition": "Yes",
    "skillList": [ "Blazing Foot Capture", "Blazing Foot Capture", "Blazing Foot Capture", "Blazing Foot Capture", "Blazing Foot Capture", "Blazing Foot Capture", "Blazing Foot Capture", "Deeper Burn", "Flaming Taunting Grind", "Explosive Stomp", "Molten Rubbing" ],
    "perks": [ ""],
    "ItemDropList": [],

    "lossScenes": [
        {
            "NameOfScene": "Trampling Loss Scene",
            "move": "",
            "stance": "Trampling",
            "includes": [ ""],
            "theScene": [
            "As you lose the rest of your energy in that final orgasm, your body goes slack on the floor completely spent and exhausted. As you lay there gasping for breath as Himika stands over you, keeping one of her strong, muscular feet atop your chest.",
            "ChangeImageLayer", "Expression", "Himika", "Dominant",
            "Speaks",
            "Ha! I won! Now to take my victory lap all over your face!",
            "Himika raises her foot off your chest and brings it down onto your face, making sure to rub her soles and the ball of her foot directly onto your mouth and nose, rubbing her hot, athletic scent all over you as she gloats over your exhausted body.",
            "Your mind is still racing from the fight, the roughness of Himika's attacks have left your body ragged, but still you yearn for more of her touch and as her foot grinds down onto your face you can't help but stick your tongue out and lick at Himika's big toe.",
            "ChangeImageLayer", "Expression", "Himika", "Flustered",
            "Himika pulls back at the sudden feeling of your tongue running over her toe, but a moment of dawning realization as she enjoys the sensation creeps across her mind as she slowly lowers her sole over your mouth again and giggles as she feels your tongue stretch back out to lick at her sweaty foot.",
            "Her sole covers your whole mouth as your tongue stretches out to press against every part of her that you can reach, trying desperately to imprint the feeling of her rough, yet addicting feeling foot into your mind.",
            "ChangeImageLayer", "Expression", "Himika", "Pleasured",
            "Your tongue glides over Himika's heel, working at the tough skin with fervor as Himika basks in your worshipful licking.",
            "Working together with you, Himika slides her foot across your face slowly as you lick every inch of her heel, allowing you to move onto the arch of her foot. You take long, indulgent licks against Himika's red hot foot as your mind swims in a pleasurable haze.",
            "Finally working your way to her toes, you strain to lick every inch of Himika's toes as possible, licking inbetween each toe as your tongue runs dogged after licking so much of Himika's foot.",
            "Himika tries and fails to hold back her laughter as your tongue dances across her toes, as the sensation tickles her greatly and causes her to lose her balance of towering over you. As Himika loses her balance she tries to swing her foot away so she doesn't crush you underfoot, but this knocks her further off balance and sends her falling onto her ass next to you.",
            "ChangeImageLayer", "Expression", "Himika", "Panic",
            "Speaks",
            "Ow, my fucking ass. Feels like I put a new crack in it.",
            "Himika rubs around her tailbone as she sits up and stretches her legs out, kicking them up onto your tired body as she waits for the dull pain in her ass to fade away.",
            "As Himika's legs lazily settle across your chest you can't help but feel a sense of longing as you stare at the toned, athletic calves. Your mind still swims in the haze of pleasure of having Himika's feet dominate you, leaving you unable to act on your desires.",
            "After a moment, Himika recovers from hitting her ass on the ground and notices you gazing longingly at her legs on your chest, and a smile creeps across her face as an idea starts to form in her head.",
            "ChangeImageLayer", "Expression", "Himika", "Dominant",
            "Speaks",
            "You like my legs, do ya? How about I give you a closer look!",
            "Himika gets her legs off of you for a moment as she scoots around on the ground until your head rests between her spread legs. Himika grabs you by the hair and props you up for a moment as she gets into position, before finally letting your head fall back into her lap as she massive legs surround your neck and place you into a leg-lock choke hold.",
            "Immediately your vision starts to swim as Himika's titanic muscles press down on the sides of your neck, slowing the flow of your blood and causing your current feelings of pleasure to heighten as its the only thing stuck in your mind.",
            "In your blurred vision, you make out the sight of Himika's foot bouncing in the air in front of you, sitting there as Himika toyingly bucks her pelvis forward, forcing your head and neck to be pushed agaisnt her legs. Himika's playful bouncing distracts you from looking at her foot as you try to focus on getting enough air.",
            "Himika loosens her grip on your neck enough to let you breathe reliably without passing out. Himika then notices that your dick has somehow stayed erect during this whole matter, and it stands rigid as her foot lazes above your stomach.",
            "Reaching just a bit further, Himika manages to get her foot to connect with your dick, and with a mischievous smirk on her face, grabs hold of it with her toes.",
            "ChangeImageLayer", "Expression", "Himika", "Seductive",
            "Speaks",
            "Seems like someone has been enjoying our little session together.♥",
            "Saying that, Himika playfully uses her toes to send your dick swinging forward, and watches as it slowly bounces back past its original position as Himika nudges it forward again. You are forced to watch as Himika continuously uses her foot to kick at your dick as it keeps bouncing back towards her foot for more, and in your oxygen deprived brain the only signals that come forth are ones of pleasure.",
            "Unable to fight back, you watch as Himika batters your cock with her foot, stopping occasionally to rub her big toe over the tip of your member to elicit a moan from your strangled body. Himika lets out a chuckle at how hopeless you are, that she can dominate you in such a way and keep getting moans out of you.",
            "You renew your struggles against Himika's legs at her provocation, but she simply grabs your wrists and holds them out to the side, completely restraining you from fighting back as her toe continues to massage the tip of your penis.",
            "You feel yourself reach a tipping point from Himika's constant massaging of your penis, and you let out a gasping moan as you feel the rush of ecstasy as you start to cum. However, as the cum starts to rush out of you, Himika uses the sole of her foot to press your cock into your leg, firing your load all over yourself.",
            "PlayerOrgasm", "1",
            "ChangeImageLayer", "Expression", "Himika", "Cocky",
            "Your orgasm is powerful as you splatter all over your own leg, much to Himika's joyous laughter. As you finish and find yourself exhausted and completely out of breath, Himika releases you from her choke hold and lets you lay on the floor as she gathers her things and leaves without another word.",
            "Exhausted and covered in your own seed, you pass out as you reflect on the feelings of humiliation and being dominated that flow through your mind.",
            "ChangeFetish", "Feet", "10",
            "ChangeFetish", "Submitting", "10",
            "ChangeSensitivity", "Mouth", "5",
            "GameOver"
            ],
            "picture": ""
        }
    ],
    "combatDialogue": [
        {
            "lineTrigger": "HitWith",
            "move": "Foot Worship",
            "theText": [
                "|f|ChangeImageLayer|/|Expression|/|Dominant|n|'Heh. Is that all you've got?'",
                "|f|ChangeImageLayer|/|Expression|/|Pleasured|n|'Yes! Worship my feet!♥'",
                "|f|ChangeImageLayer|/|Expression|/|Pleasured|n|'More!♥'"
            ]
        },
        {
            "lineTrigger": "UsesMove",
            "move": "Blazing Foot Capture",
            "theText": [
                "|f|ChangeImageLayer|/|Expression|/|LaughBoisterous|n|'Hahaha! Get ready!",
                "|f|ChangeImageLayer|/|Expression|/|Cocky|n|'Gotcha!'",
                "|f|ChangeImageLayer|/|Expression|/|Cocky|n|'You're not getting away from this!'"
            ]
        },
        {
            "lineTrigger": "UsesMove",
            "move": "Deeper Burn",
            "theText": [
                "|f|ChangeImageLayer|/|Expression|/|Caring|n|'Back and forth.♥'",
                "|f|ChangeImageLayer|/|Expression|/|Cocky|n|'Do you like getting bullied or something?♥'",
                "|f|ChangeImageLayer|/|Expression|/|Caring|n|'Hehe, your moans are so cute.♥'"
            ]
        },
        {
            "lineTrigger": "UsesMove",
            "move": "Flaming Taunting Grind",
            "theText": [
                "|f|ChangeImageLayer|/|Expression|/|Caring|n|'Back and forth.♥'",
                "|f|ChangeImageLayer|/|Expression|/|Caring|n|'Hehehe, you're pretty cute when you're helpless.'",
                "|f|ChangeImageLayer|/|Expression|/|Dominant|n|'What's wrong?♥ Can't endure it?♥'",
                "|f|ChangeImageLayer|/|Expression|/|Cocky|n|'Do you like getting bullied or something?♥'"
            ]
        },
        {
            "lineTrigger": "UsesMove",
            "move": "Explosive Stomp",
            "theText": [
                "|f|ChangeImageLayer|/|Expression|/|LaughBoisterous|n|'Gwahaha! You're finished!",
                "|f|ChangeImageLayer|/|Expression|/|Dominant|n|'Even if you beg me to stop, I won't!'",
                "|f|ChangeImageLayer|/|Expression|/|Dominant|n|'What's wrong?♥ Can't endure it?♥'"
            ]
        },
        {
            "lineTrigger": "UsesMove",
            "move": "Molten Rubbing",
            "theText": [
                "|f|ChangeImageLayer|/|Expression|/|Caring|n|'Hehehe, you're pretty cute when you're helpless.'",
                "|f|ChangeImageLayer|/|Expression|/|Cocky|n|'Do you like getting bullied or something?♥'",
                "|f|ChangeImageLayer|/|Expression|/|Caring|n|'Hehe, your moans are so cute.♥'"
            ]
        },
        {
            "lineTrigger": "StanceStruggle",
            "move": "Trampling",
            "theText": [ "[ThePlayerName] tries to get [AttackerName]'s rough feet off them..."]
        },
        {
            "lineTrigger": "StanceStruggleFail",
            "move": "Trampling",
            "theText": [ "But she kicks at your hand and pins it to the floor.",
                         "But [AttackerName] easily pins you to the ground with her feet.",
                         "But she grinds her foot on your chest and knocks the wind from your lungs."]
        },
        {
            "lineTrigger": "StanceStruggleComment",
            "move": "Trampling",
            "theText": [ "'Did you really think you could get away from {i}me?{/i}'",
                         "'Hehe, you're pretty cute when you're helpless...'",
                         "'Hm? Did you think you could get away that easily?'"]
        },
        {
            "lineTrigger": "StanceStruggleFree",
            "move": "Trampling",
            "theText": [ "And manages to throw off the Oni by pressing on her soles."]
        },
        {
            "lineTrigger": "StanceStruggleFreeComment",
            "move": "Trampling",
            "theText": [ "'Wh- H-How?!'",
                         "'Y-You got lucky!'",
                         "'Tch, I'll have you under my feet again soon.'"]
        },
        {
            "lineTrigger": "OnPlayerOrgasm",
            "move": "Trampling",
            "theText": [ "Himika continues to batter your body with her feet, and you can't help but moan as you cum from the abuse of her strong, rough feet. 'Hah! What a pervert! I don't even have to touch your cock and you still cum!"
                      ]
        }
    ],
    "victoryScenes": [],
    "pictures": []
}
