{
    "IDname": "Kyra",
    "Addition": "Yes",
    "skillList": [ "Rough Smothering", "Huntress Foot Capture", "Huntress Foot Capture", "Huntress Foot Capture", "Huntress Foot Capture", "Huntress Foot Capture", "Huntress Foot Capture", "Huntress Foot Capture", "Huntress Foot Capture", "Rough Grind", "Big Feet Covering", "Gripping Trampling" ],
    "perks": [ ""],
    "ItemDropList": [],

    "lossScenes": [
        {
            "NameOfScene": "Trampling Loss Scene",
            "move": "",
            "stance": "Trampling",
            "includes": [ ""],
            "theScene": [
                "ChangeImageLayer", "Expression", "1", "Bashful",
            "After that last orgasm, your body lets out one last shudder as the last of your energy is exerted, and your struggles under Kyra's broad, golden feet slowly weaken until you're left just trying to catch your breath under her feet.",
            "Kyra looks down at you, partially in confusion as to how you came from such a situation. She tries to shake these thoughts from her head and address you while you are still under her feet.",
            "ChangeImageLayer", "Expression", "1", "Surprised",
            "Speaks",
            "W-Well, I think it's clear to see who won here... But, I have to say, this was certainly one of our... weirder encounters.",
            "She sheepishly looks down at you for some kind of response, but instead, as you have recovered your breath you were inhaling the scent of Kyra's feet the entire time she was talking to you, and the natural, earthy scent of her feet combined with her sweat from how she exerted herself in battle leads to your mind becoming fixated on her feet, and you purse your lips as you kiss at Kyra's massive sole.",
            "ChangeImageLayer", "Expression", "1", "PanicBlush",
            "Speaks",
            "W-w-w-w-what do you think you're doing?! I thought you were spent? Y-you don't have to kiss my feet any longer!",
            "Kyra pauses and looks down at you as you weakly grab hold of her foot as she tries to step off of you, and you give a longing pull on her ankle to keep her foot in place. Kyra blushes deeply and slowly returns the weight of her foot onto your face, where your waiting lips place another slow, deep kiss onto the arch of her foot.",
            "Your lips press against the scaly, tough flesh of Kyra's foot, feeling the rougher parts of her foot with each kiss. Having kissed as much of Kyra's foot as possible, your lips part on the next kiss as you slowly extend your tongue and press it into Kyra's sole, and slowly bring it up and down across the arch of her foot.",
            "Total embarrassment washes over Kyra's face as she tries to process what you are doing underneath her foot, and in an act of pure clumsiness she tries to move her foot away from you, but her claws have bended around your head already, and as Kyra forgets to release you from them, her attempts to move away from you simply result in her lifting you up by the head.",
            "ChangeImageLayer", "Expression", "1", "Bashful",
            "Shocked by this turn of events, Kyra lets out a cute squeal in surprise and roughly slams your head back down onto the ground, partially cushioning the stomp with her claws. Your mind rattles from the impact, but your body retains the last action that you were doing, and you continue to slavishly kiss and lick at the soles of Kyra.",
            "ChangeImageLayer", "Expression", "1", "Lewd",
            "What once was embarrassment and shock slowly fades away out of Kyra. These emotions of panic are soon replaced by a new form of lust that Kyra rarely experiences, one of a lust for domination, for conquest. While she stares down at you, licking away, these feelings come back to her and she flares up with a newfound horniness as she brings a clawed finger to pussy and starts to finger herself.",
            "Kyra's soft breathing starts to include moans, barely held back as she starts to get deeply interested in your subservience. When her moans hit your ears, you take it in stride as Kyra enjoying the feel of your tongue on her foot, and you double down on your efforts. You try to grab Kyra's foot and move it slightly so that you can kiss and lick at the next portion of Kyra's sole.",
            "Kyra, however, misjudges your actions as wanting to get out from underneath her foot just when she started to enjoy your actions, and she leans forward with more weight onto your face as she catches one of your arms with her tail, and the other arm with her other foot and pins you down completely, leaving you defenseless as Kyra's weight presses down more and more onto you.",
            "Speaks",
            "Oh no you don't, I can't have a loyal subject be running off right when we got to the good part.♥",
            "As Kyra takes control of the moment, you let the part of you that instinctively wanted to struggle go away, and you let yourself succumb to the whims of this more forceful, and much hornier, Kyra as she slowly begins to move her foot around your face.|n| You try to keep up with her demands, but with each kiss you place, and every stroke of your tongue, Kyra's pants and moans become more common, and she becomes faster and faster.",
            "Kyra's lust for your worship increases, and she lessens the pressure on your face enough that she reveals your eyes again as her claws hover near your face. You can see where they emerge from her foot, and you watch as they each flex slightly in front of you.",
            "Speaks",
            "As the victor, I command you lick and worship even the talons of my feet. Now get to it, servant.",
            "Kyra's stern and forceful words activate a part of your brain that causes you to leap into action as you renew your efforts in worshipping her feet. You rake your tongue lavishly up and down the lengths of Kyra's pearly white claws, and you place kisses at the base of where they emerge from her skin every so often.",
            "Kyra revels in delight as she continues to finger herself, and her moans become louder and louder. However, this seems to attract unwanted attention as multiple Lizard Girls take notice of Kyra moaning as she hides in a bush, and they all begin to sneak up on her.",
            "Kyra looks at them in shock and embarrassment as she quickly attempts to correct her appearance and tries to hide you as well as she can. However, this causes her feet to cover both your nose and mouth and you quickly realize the severity of the situation as your lungs start to hurt from the lack of oxygen.",
            "The conversation with the teasing Lizard Girls lasts for far too long for your comfort as Kyra keeps you hidden from the predatory monster girls. The conversation finishes up eventually and Kyra turns back to you and takes notice of your changing coloration in your face and quickly releases you. You suck in a great gasp of air as Kyra turns red and starts to apologize.",
            "Speaks",
            "Uwahhh, I'm so sorry, this all happened because I was getting so excited about our roleplaying and I just couldn't contain myself! Uwahhh.",
            "You weakly reassure her that it was no big deal as your consciousness starts to fade from exhaustion and the lack of oxygen, and as Kyra continues to sniffle and apologize you fully lose consciousness and warp back to town...",
            "ChangeFetish", "Feet", "10",
            "ChangeFetish", "Submitting", "10",
            "ChangeSensitivity", "Mouth", "5",
            "GameOver"
            ],
            "picture": ""
        }
    ],
    "combatDialogue": [
        {
            "lineTrigger": "HitWith",
            "move": "Foot Worship",
            "theText": [
                "|f|ChangeImageLayer|/|Expression|/|PanicBlush|n|'Mnnn...♥ Huh? N-No! I didn't moan from that, w-what are you talking about!'",
                "|f|ChangeImageLayer|/|Expression|/|Submissive|n|'Your tongue is so warm...♥'",
                "|f|ChangeImageLayer|/|Expression|/|BaseBlush|n|'Y-You perv...'"
            ]
        },
        {
            "lineTrigger": "UsesMove",
            "move": "Rough Smothering",
            "theText": [
                "|f|ChangeImageLayer|/|Expression|/|Bashful|n|'You're enjoying this, right?'",
                "|f|ChangeImageLayer|/|Expression|/|Yelling|n|'I won't lose to you this time!'",
                "|f|ChangeImageLayer|/|Expression|/|Yelling|n|'Can you keep up with this!?'"
            ]
        },
        {
            "lineTrigger": "UsesMove",
            "move": "Huntress Foot Capture",
            "theText": [
                "|f|ChangeImageLayer|/|Expression|/|Yelling|n|'Hold still!'",
                "|f|ChangeImageLayer|/|Expression|/|Yelling|n|'Got you now!'",
                "|f|ChangeImageLayer|/|Expression|/|Yelling|n|'No escape now!'"
            ]
        },
        {
            "lineTrigger": "UsesMove",
            "move": "Rough Grind",
            "theText": [
                "|f|ChangeImageLayer|/|Expression|/|Yelling|n|'Take this!'",
                "|f|ChangeImageLayer|/|Expression|/|Yelling|n|'I'm just getting started!'",
                "|f|ChangeImageLayer|/|Expression|/|Yelling|n|'Can you keep up with this!?'"
            ]
        },
        {
            "lineTrigger": "UsesMove",
            "move": "Big Feet Covering",
            "theText": [
                "|f|ChangeImageLayer|/|Expression|/|Bashful|n|'You're enjoying this, right?'",
                "|f|ChangeImageLayer|/|Expression|/|Yelling|n|'I won't lose to you this time!'",
                "|f|ChangeImageLayer|/|Expression|/|Yelling|n|'Can you keep up with this!?'"
            ]
        },
        {
            "lineTrigger": "UsesMove",
            "move": "Gripping Trampling",
            "theText": [
                "|f|ChangeImageLayer|/|Expression|/|Yelling|n|'Take this!'",
                "|f|ChangeImageLayer|/|Expression|/|Yelling|n|'I'm just getting started!'",
                "|f|ChangeImageLayer|/|Expression|/|Yelling|n|'Can you keep up with this!?'"
            ]
        },
        {
            "lineTrigger": "StanceStruggle",
            "move": "Trampling",
            "theText": [ "[ThePlayerName] struggles to escape [AttackerName]'s gripping feet..."]
        },
        {
            "lineTrigger": "StanceStruggleFail",
            "move": "Trampling",
            "theText": [ "But her huge feet grip around your body and you remain stuck.",
                         "But [AttackerName] thrusts all of her weight onto your body and pins you.",
                         "But [AttackerName] uses her tail to grab your hands and stops you from moving her"]
        },
        {
            "lineTrigger": "StanceStruggleComment",
            "move": "Trampling",
            "theText": [ "'And just where do you think you're going?!'",
                         "'What's wrong? Scared you're going to lose?!'",
                         "'What's the matter? Don't you like my feet?'"]
        },
        {
            "lineTrigger": "StanceStruggleFree",
            "move": "Trampling",
            "theText": [ "And manages to escape her feet!"]
        },
        {
            "lineTrigger": "StanceStruggleFreeComment",
            "move": "Trampling",
            "theText": [ "'Don't think you're going to get away from me that easily!'",
                         "'I won't let you get away that easily next time!'"]
        },
        {
            "lineTrigger": "OnPlayerOrgasm",
            "move": "Trampling",
            "theText": [ "Unable to hold back any longer, you cum up into the air and Kyra yelps as she feels some land on her tail. 'Gwuh?! D-Did you really cum from all that?'"
                      ]
        }
    ],
    "victoryScenes": [],
    "pictures": []
}
