{
    "IDname": "Manticore",
    "Addition": "Yes",
    "skillList": [ "Crushing Coiling", "Manticore Domination", "Manticore Domination", "Manticore Domination", "Manticore Domination", "Manticore Domination", "Manticore Domination", "Manticore Domination", "Manticore Domination", "Pouncing Feet", "Venomous Stomp", "Tail Trampling" ],
    "perks": [ ""],
    "ItemDropList": [],

    "lossScenes": [
        {
            "NameOfScene": "Trampling Loss Scene",
            "move": "",
            "stance": "Trampling",
            "includes": [ ""],
            "theScene": [
            "Your body buckles and struggles as you cum underneath Kaia's feet. As your last orgasm leaves you, you find that your strength has gone with it, and you lay prone and exhausted beneath the overwhelming feet of the Manticore woman.",
            "ChangeImageLayer", "Expression", "1", "PredatorySmirk",
            "Kaia licks her lips at you as she peels her foot off of you and looks at your exhausted form, looking completely helpless and unable to fight back against her.",
            "Awwww, poor little [ThePlayerName] has nothing left to give? Well I'll be the judge of that.",
            "Kaia stands over your body, with her feet flanking your midsection as her tail swishes aggressively above your manhood as she tauntingly swings her hips back and forth.",
            "ChangeImageLayer", "Expression", "1", "Loving",
            "Speaks",
            "Let's see if we can't wring a little bit more out of my favorite foot slave.",
            "Kaia slowly lowers herself until she sits down on your stomach, letting most of her weight down onto you like a stone that forces the air from your body. As you try to pull more air in, Kaia thrusts one of her soles into your face and partially covers your nose and mouth on the inhale so you get a full whiff of her feet as you do so.",
            "As Kaia's foot dominates your face, Kaia looks back and sees that your cock has already become erect again from being dominated, and Kaia sends her tail on the prowl towards you. The pussy of her tail easily descends on your cock and you let out a gasping moan as you feel your stiff manhood enter the tight, warm pussy of Kaia's tail.",
            "ChangeImageLayer", "Expression", "1", "SmugSharp",
            "Kaia lets a smirk cover her face as her sole rubs across your face and her tail begins to milk you in tandem, the surge of dominance flowing through her is unparalleled as she commands you to lick at her feet.",
            "Lost in the pleasure of Kaia's tail-pussy and breathing in the sweet yet earthy scents of Kaia's foot, you lose control over your body as you respond to Kaia's command and immediately press your tongue directly into the arch of her sole, and begin to lap at it hungrily.",
            "The sensation of your tongue against Kaia's sole imparts a tickling sensation onto the fearsome manticore woman, and she struggles to control her giggling laughter as she basks in your worshipful licks.",
            "Her tail continues to gyrate on your dick, and with each pulsing motion from it you can feel your aching, exhausted dick feel new life inside it. You let out another moan which gets muffled into the foot of Kaia, who delights in your pleasure as her tail tightens for a moment and slowly begins to bob up and down on your cock.",
            "The tight, precise movements of her tail are enough to get you, and you try to let out a deep moan into Kaia's foot, but she completely covers your mouth with the length of her foot and muffles it out completely as her tail drinks up your orgasm, but refuses to let go of your cock.",
            "PlayerOrgasm", "1",
            "ChangeImageLayer", "Expression", "1", "Smug",
            "Speaks",
            "Felt pretty good, doesn't it? I like feeling you moan into my feet, I wonder how else I can get you to do that?",
            "Your dick remains trapped in the tightly compressed tail-pussy of Kaia, which slowly pulses and tries to get you to harden again. On top of that, Kaia's foot covering your mouth keeps you from taking deep breaths to recover from the exertion of that orgasm, and you try to struggle against the weight on your stomach.",
            "Kaia lets out a laugh as she wriggles her butt on top of your stomach, grinding more air out of you and forcing you to breathe in the scent of her feet as they dominate your face. Kaia commands you to keep licking and you acquiesce as you put your tongue against her sole again.",
            "Your dick finally hardens again against your will as Kaia resumes her slow, methodical gyrations of her tail in an effort to squeeze another moan out of you. Her eyes hungry with dominance and glee as she watches your eyes strain under her weight as you try and focus on the foot covering your mouth.",
            "Kaia's tail slowly begins to speed up more and more until she is recreating the wild, frenzied thrusting of her hips as she tries to milk another orgasm out of your exhausted and tired body. Each plunge of her tail on your dick rocks your pleasure centers and causes you to let out a small gasp or moan each time, burying them in Kaia's foot as you try to hold on against her tail.",
            "Kaia takes great pressure in watching you squirm and resist, as she slowly begins to grind the heel of her other foot into your sternum while you breathe in the scent of her foot that you continue to lick. Kaia knows at this rate it's only a matter of time until you fall to her combined efforts.",
            "And fall you do, you let out another deep orgasm that has you moaning with what breath you have left into Kaia's foot, bringing the manticore great joy as she slowly milks out all the cum flowing into her tail and absorbs it.",
            "PlayerOrgasm", "1",
            "Your head rolls back as you truly cannot bring yourself to even keep your eyes open anymore, and Kaia slowly pops off your prone body and whispers sweet, hot words into your ear as you pass out and return to town.",
            "ChangeFetish", "Feet", "10",
            "ChangeFetish", "Submitting", "10",
            "ChangeSensitivity", "Mouth", "5",
            "GameOver"
            ],
            "picture": ""
        }
    ],
    "combatDialogue": [
        {
            "lineTrigger": "HitWith",
            "move": "Foot Worship",
            "theText": [
                "|f|ChangeImageLayer|/|Expression|/|Amused|n|'Is that all you've got?'",
                "|f|ChangeImageLayer|/|Expression|/|Loving|n|'Have to admit that feels kinda nice.♥'",
                "|f|ChangeImageLayer|/|Expression|/|Predatory|n|She lets out a quiet purr."
            ]
        },
        {
            "lineTrigger": "UsesMove",
            "move": "Manticore Domination",
            "theText": [
                "|f|ChangeImageLayer|/|Expression|/|Mocking|n|'Keep struggling if you want, it's adorable.'",
                "|f|ChangeImageLayer|/|Expression|/|Predatory|n|'I'm going to get you completely addicted to my feet.♥'",
                "|f|ChangeImageLayer|/|Expression|/|Predatory|n|'You're all mine now.♥'"
            ]
        },
        {
            "lineTrigger": "UsesMove",
            "move": "Crushing Coiling",
            "theText": [
                "|f|ChangeImageLayer|/|Expression|/|Mocking|n|'Mmmm...♥ Your moans are so cute.'",
                "|f|ChangeImageLayer|/|Expression|/|Mocking|n|'How long can you endure this?'",
                "|f|ChangeImageLayer|/|Expression|/|SmugSharp|n|'Just let me do all the work. Not that you have a choice.♥'"
            ]
        },
        {
            "lineTrigger": "UsesMove",
            "move": "Pouncing Feet",
            "theText": [
                "|f|ChangeImageLayer|/|Expression|/|Mocking|n|'How long can you endure this?'",
                "|f|ChangeImageLayer|/|Expression|/|Base|n|'You're all mine now.♥'",
                "|f|ChangeImageLayer|/|Expression|/|Mocking|n|'Come on, struggle so I can watch you fail.♥'"
            ]
        },
        {
            "lineTrigger": "UsesMove",
            "move": "Venomous Stomp",
            "theText": [
                "|f|ChangeImageLayer|/|Expression|/|Base|n|'Time to make you go mad with pleasure.♥'",
                "|f|ChangeImageLayer|/|Expression|/|Predatory|n|'You can't hope to resist this.♥'",
                "|f|ChangeImageLayer|/|Expression|/|Predatory|n|'I'm going to make you scream in pleasure.♥'"
            ]
        },
        {
            "lineTrigger": "UsesMove",
            "move": "Tail Trampling",
            "theText": [
                "|f|ChangeImageLayer|/|Expression|/|Mocking|n|'Mmmm...♥ Your moans are so cute.'",
                "|f|ChangeImageLayer|/|Expression|/|SmugSharp|n|'Mmmm,♥ I could do this alllll day.♥'",
                "|f|ChangeImageLayer|/|Expression|/|Mocking|n|'Come on, struggle so I can watch you fail.♥'"
            ]
        },
        {
            "lineTrigger": "StanceStruggle",
            "move": "Trampling",
            "theText": [ "[ThePlayerName] struggles to escape [AttackerName]'s beast-like feet..."]
        },
        {
            "lineTrigger": "StanceStruggleFail",
            "move": "Trampling",
            "theText": [ "But with her feral might she quickly pins you back down again.",
                         "But [AttackerName] uses her tail and hands to quickly knock aside your arms and quell your writhing.",
                         "But [AttackerName] clings tight to your body with her feet."]
        },
        {
            "lineTrigger": "StanceStruggleComment",
            "move": "Trampling",
            "theText": [ "'C'mon, my feet aren't that bad.'",
                         "'You're all mine.♥'",
                         "'I'm not letting you go that easily!'"]
        },
        {
            "lineTrigger": "StanceStruggleFree",
            "move": "Trampling",
            "theText": [ "And manages to escape her feet!"]
        },
        {
            "lineTrigger": "StanceStruggleFreeComment",
            "move": "Trampling",
            "theText": [ "'You struggle a lot, don't you?'",
                         "'I guess I'll just have to pin you down to show you who's in charge.'",
                         "'Is the only thing you know how to do is run?'"]
        },
        {
            "lineTrigger": "OnPlayerOrgasm",
            "move": "Trampling",
            "theText": [ "Your groin aches with [DisplayMonsterChoice]'s feet dominating your body, but it remains untouched in spite of [DisplayMonsterChoice] trampling the rest of your body. Even without being touched, you finally cum and begin to pant heavily as [DisplayMonsterChoice] grinds her heel in your face."
                      ]
        }
    ],
    "victoryScenes": [],
    "pictures": []
}
