{
    "IDname": "Nara",
    "Addition": "Yes",
    "skillList": [ "Toe Tap Dance", "Sensual Trampling", "Trampled Audience", "Trampled Audience", "Trampled Audience", "Trampled Audience", "Trampled Audience", "Trampled Audience", "Trampled Audience", "Trampled Audience", "Hip Sway", "Two Step Trampling" ],
    "perks": [ ""],
    "ItemDropList": [],

    "lossScenes": [
        {
            "NameOfScene": "Trampling Loss Scene",
            "move": "",
            "stance": "Trampling",
            "includes": [ ""],
            "theScene": [
                "ChangeImageLayer", "Expression", "1", "Cheerful",
            "Your body slowly loses the energy to resist Nara's still dancing feet as she continues to lightly trample over your body with delicate, precise movements.",
            "Unaware of your loss, Nara loses herself completely in a rhythm that only she hears as her feet glide across your body, occasionally stepping down with some weight as she moves to and fro, using your body as a dance floor.",
            "It is all you can do at this point but to stare up at the dancing adventurer and watch her swaying hips, her gently bouncing breasts restrained in that top, and the elegant movements of her legs as she causes her sheer pants to swish and sway with every step.",
            "You brace yourself as her foot swings over your face and lowers down onto you, but as quickly as you feel her weight press against your face her foot raises up again as Nara continues her shifting, feathery dance.",
            "The sensation of her toes touching down on your face left an impression in your mind, their soft caress, their sweet scent. Your mind is captured by these sensations caused by Nara's feet brushing onto your face, which is only solidified in the pleasure you gain from watching her ever-shifting movements.",
            "ChangeImageLayer", "Expression", "1", "Thinking",
            "Nara, through her dance, slowly steps across your chest and stomach as her hips and breasts bounce with an enrapturing grace and elegance to them. You can feel yourself becoming aroused again as your dick stiffens from Nara's performance, but you remain an afterthought in Nara's head as her practice atop your body continues.",
            "Lifting her foot and swinging it low to the ground, Nara does a jumping spin as she dances past your groin, her spinning foot just grazing your erect penis. Another moment of brief, erotic contact for you is quickly moved on from by Nara, whose dance has her slowly circle your body like a hungry shark.",
            "Nara slowly travels along the length of your body again, with you being too exhausted to fight back as she lowers her foot into your hand and slowly begins to walk across your arm as she makes her way back to your torso. She slows her movements down as she confidently struts atop your arm, letting you absorb the full beauty of her body as your arm screams from the pressure applied to it.",
            "Finally, Nara steps off from your shoulder to stand on your sternum again, her weight settling on your chest and making it harder to breathe as your lungs struggle against the lithe, yet busty form of Nara.",
            "Nara strikes a pose as her routine ends, and as she lowers her arms and comes out of her dancing trance, she notices that she is perched atop your chest and hears your raspy breathing. A moment of panic comes across her face as she shows concern for you and the damage she is doing to your body.",
            "ChangeImageLayer", "Expression", "1", "Panic",
            "Speaks",
            "Oh no! [ThePlayerName], are you alright? I'm so sorry, but I just got so into the groove while you were under me and I just couldn't help myself.",
            "Nara attempts to dismount and step off of you, but she notices your expression is not one of pain, but of strained bliss. On top of that, Nara also notices your erect cock and in a moment of stunned confusion looks back down at you.",
            "Speaks",
            "A-Are you enjoying this? I walked all over you like a floormat and still you found that sexy?",
            "Nara looks around on your body and presses a foot down onto your bicep, leaning her weight forward and watching as your dick twitches in pleasure as your body ignores the pain and focuses on the scent of her perfume that lingers in the nose, and the sensation of her delicate, smooth foot pressing down upon you.",
            "ChangeImageLayer", "Expression", "1", "Seductive",
            "A look of intrigue crosses Nara's face as she moves her foot from your bicep and hovers it over your face, letting the warmth and scent of her sleek, graceful foot wash over you as it hovers above your nose.",
            "You strain your neck to bring your head closer, but Nara always keeps it a hairs breath away from you as you take deep breaths of her perfume, sending another wave of pleasure through your body. You imagine the sensation of Nara bringing her foot down onto your face with her full weight, the sensation of her sole smushing against your cheek, your cock twitches in pleasure again.",
            "Nara lets out a giggle as she sees this change, and brings her foot in front of your mouth and wiggles her toes with glee. Lost in your own lust, you open your mouth and extend your tongue forward, eager to lick at Nara's sexy sole.",
            "Just before you make contact, Nara feels your breath tickling at her sole and she succumbs to a laughing fit that causes her to lose balance atop your chest. She stumbles and falls off your body and just barely catches herself before she hits the ground. Straightening herself out and dusting herself off she looks back to you in embarrassment.",
            "ChangeImageLayer", "Expression", "1", "Happy",
            "Speaks",
            "I suppose you'll have to do with just a teasejob for now, but perhaps in the future I'll let you experience my feet to the fullest.",
            "Nara blows a kiss at you that pierces your heart and leaves you fluttering for the last few seconds before your lust-riddled mind is forced asleep by your exhaustion and you are warped back to town.",
            "ChangeFetish", "Feet", "10",
            "ChangeFetish", "Submitting", "10",
            "ChangeSensitivity", "Mouth", "5",
            "GameOver"
            ],
            "picture": ""
        }
    ],
    "combatDialogue": [
        {
            "lineTrigger": "HitWith",
            "move": "Foot Worship",
            "theText": [
                "|f|ChangeImageLayer|/|Expression|/|Seductive|n|'Mnn.♥ '",
                "|f|ChangeImageLayer|/|Expression|/|Pleasured|n|'Oh!♥ Mmmm...♥ I should get you to do this when we aren't fighting.♥",
                "|f|ChangeImageLayer|/|Expression|/|Seductive|n|She wiggles and taps her toes onto your worshipping tongue."
            ]
        },
        {
            "lineTrigger": "UsesMove",
            "move": "Toe Tap Dance",
            "theText": [
                "|f|ChangeImageLayer|/|Expression|/|Base|n|'Enjoy it as long as you want.♥'",
                "|f|ChangeImageLayer|/|Expression|/|Seductive|n|'Isn't this the best dance of all?♥'",
            "|f|ChangeImageLayer|/|Expression|/|Seductive|n|'You make a lovely dance mat.♥'"
            ]
        },
        {
            "lineTrigger": "UsesMove",
            "move": "Sensual Trampling",
            "theText": [
                "|f|ChangeImageLayer|/|Expression|/|Base|n|'Enjoy it as long as you want.♥'",
                "|f|ChangeImageLayer|/|Expression|/|Seductive|n|'Isn't this the best dance of all?♥'",
                "|f|ChangeImageLayer|/|Expression|/|Seductive|n|'You make a lovely dance mat.♥'"
            ]
        },
        {
            "lineTrigger": "UsesMove",
            "move": "Trampled Audience",
            "theText": [
                "|f|ChangeImageLayer|/|Expression|/|Seductive|n|'Go on, enjoy the show!♥'",
                "|f|ChangeImageLayer|/|Expression|/|Seductive|n|She smiles seductively at you.",
                "|f|ChangeImageLayer|/|Expression|/|Seductive|n|'I love a partner who knows when to watch.♥'"
            ]
        },
        {
            "lineTrigger": "UsesMove",
            "move": "Hip Sway",
            "theText": [
                "|f|ChangeImageLayer|/|Expression|/|Seductive|n|'Isn't this the best dance of all?♥'",
                "|f|ChangeImageLayer|/|Expression|/|Seductive|n|'Watch me for as long as you want.♥'",
                "|f|ChangeImageLayer|/|Expression|/|Seductive|n|'You can watch, but you can't touch.♥'"
            ]
        },
        {
            "lineTrigger": "UsesMove",
            "move": "Two Step Trampling",
            "theText": [
                "|f|ChangeImageLayer|/|Expression|/|Seductive|n|'Isn't this the best dance of all?♥'",
                "|f|ChangeImageLayer|/|Expression|/|Seductive|n|'And one and two and one and two.'",
                "|f|ChangeImageLayer|/|Expression|/|Seductive|n|'Your face feels so good under my feet.♥'"
            ]
        },
        {
            "lineTrigger": "StanceStruggle",
            "move": "Trampling",
            "theText": [ "[ThePlayerName] struggles to escape [AttackerName]'s swift, dancing feet..."]
        },
        {
            "lineTrigger": "StanceStruggleFail",
            "move": "Trampling",
            "theText": [ "But her constant movements elude your clumsy escape and keeps you pinned.",
                         "But [AttackerName] glides a foot across your chest and coos and begs you to lay down and enjoy.",
                         "But [AttackerName] shakes her hips and does a quick dance and you forget entirely what you were doing."]
        },
        {
            "lineTrigger": "StanceStruggleComment",
            "move": "Trampling",
            "theText": [ "'Dance till you drop, [ThePlayerName]!♥'",
                         "'Just enjoy the show.♥'",
                         "You watch her breasts jiggle tantalizingly above you."]
        },
        {
            "lineTrigger": "StanceStruggleFree",
            "move": "Trampling",
            "theText": [ "And manages to escape her feet!"]
        },
        {
            "lineTrigger": "StanceStruggleFreeComment",
            "move": "Trampling",
            "theText": [ "Without missing a beat, she continues where her dance left off.",
                         "'Hehe, was my dancing too much for you?♥'",
                         "She blows you a kiss and continues to dance, flashing her feet at you."]
        },
        {
            "lineTrigger": "OnPlayerOrgasm",
            "move": "Trampling",
            "theText": [ "You are captivated by the feet dancing across your body and the scintillating body of Nara and before you know it, the pressure that was building up inside you fires off as you cum into the air, and [AttackerName] diligently dodges out of its way as she continues her dance."
                      ]
        }
    ],
    "victoryScenes": [],
    "pictures": []
}
