{
    "IDname": "Perpetua",
    "Addition": "Yes",
    "skillList": [ "Slime Foot Engulf", "Gooey Trampling", "Gooey Smother", "Jello Stomping", "Gooey Foot Capture", "Gooey Foot Capture", "Gooey Foot Capture", "Gooey Foot Capture", "Gooey Foot Capture", "Gooey Foot Capture", "Slime Foot Engulf", "Gooey Trampling", "Gooey Smother", "Jello Stomping", "Gooey Foot Capture" ],
    "perks": [ ""],
    "ItemDropList": [],

    "lossScenes": [
        {
            "NameOfScene": "Trampling Loss Scene",
            "move": "",
            "stance": "Trampling",
            "includes": [ ""],
            "theScene": [
            "Your last orgasm washes out into the sea of red as Perpetua's gooey feet hold you against the ground and you lose the last of your will to fight back against her.",
            "As your struggles come to a standstill, Perpetua looks down at you and takes great pride in the fact that she took you down with a set of limbs that causes her a great deal of effort to maintain.",
            "ChangeImageLayer", "Expression", "1", "Joy",
            "Speaks",
            "Ha! I knew there was a good reason for me to create feet for myself! Even if they do barely hold together and you sunk into them for most of the fight, but that's not the point!",
            "Perpetua emphasizes the last bit of her statement by poutingly raising her foot and bringing it down in a stomping attack on your face. The gelatinous foot makes contact and as you brace yourself you realize the impact fizzled out as Perpetua's foot splattered against you.",
            "The chunks of red slime on your face and neck slowly begin to slide off of you as Perpetua turns a deeper shade of crimson as she begins to whine about her inability to keep her feet together to properly give you your post-fight fucking.",
            "ChangeImageLayer", "Expression", "1", "CryingComical",
            "As Perpetua loses herself in her whining, she lifts her broken foot off your face and brings it down again and again. These next few stomps don't break away, but instead collects the slime that broke off of her the first time. As more and more of her body comes together, Perpetua's foot solidifies more and more, until finally her next stomp physically pushes your head backwards.",
            "Perpetua stops and looks down in shock as an entire foot has formed at the bottom of her body, and has enough mass and strength to actually physically move your face. Perpetua rejoices and laughs as she pokes against your face with her newly acquired toes, watching your head move at her whims.",
            "ChangeImageLayer", "Expression", "1", "StarryJoy",
            "Speaks",
            "This is incredible! I can see why humans like their feet so much now!",
            "Perpetua spreads her toes and wiggles them in front of your face excitedly. For a moment you forget the situation you are in and for a brief second you feel happy for the overjoyed red slime girl as she continues to bask in her newly acquired feet.",
            "As Perpetua basks in her new extremities, she decides to test them out on you by bring her sole down onto your face and leaning as much of her weight as possible onto you in order to try and trample you. You wait for some unbearable pressure to build onto you, but it never comes as you realize that Perpetua just doesn't weigh that much.",
            "Perpetua looks down at you through her foot and realizes that nothing is happening to you, and she begins to look incredibly embarrassed as she begins to debate what to do to save face in this situation.",
            "In her panic, you can feel the structure of her foot breaking down as her focus begins to waver, and soon enough her foot begins to lose firmness as your face begins to disappear into Perpetua's gooey body.",
            "As your face is pushed into Perpetua's slimy body, you feel her slime push against you still, and your lips are pushed apart as Perpetua invades your mouth with her sweet, slime. She fills your mouth and nose entirely as what little air is inside your body strains your lungs immediately.",
            "You try to get Perpetua's attention, but your arms are still pinned to the side by her gooey restraints and your struggles go unnoticed.",
            "Seconds pass as your head is submerged entirely in Perpetua's puddle of slime, your breath is nearly entirely depleted as you pray that Perpetua snaps out of her anger and notices you, and finally she does as she wipes away her panic tears and sees you about to pass out in her slime.",
            "Panicking again, Perpetua pulls all of her slime out of your face and lets you take several deep breaths as she worriedly looks down at you.",
            "ChangeImageLayer", "Expression", "1", "Panic",
            "Speaks",
            "I'm so sorry! I really didn't mean to drown you there, I just got so lost in wanting to use my feet that I forgot that the best way to mess with you is just by being a slime!",
            "You look at Perpetua, who took the entirely wrong idea from this encounter as she slowly rises her slime around your face again and before you can protest what she is doing she wraps a tendril of slime around your mouth, muffling you.",
            "ChangeImageLayer", "Expression", "1", "Pout",
            "Speaks",
            "No no no, I don't want to hear a word from you, I just want to feel you squirm again.",
            "Perpetua's slime surges forward around your head again as she covers your nose and mouth with slime, but leaving your eyes untouched as she stares down at you with glee.",
            "With slightly more air in your lungs from the deep breaths, you feel confident that you can hold out much longer this time against Perpetua's breath denial.",
            "However, as the seconds pass by and Perpetua notices that you are not struggling against her, she pouts in boredom and brings several tentacles of slime to your side and begin to tickle you.",
            "Unprepared for this childish assault on your sides, you let out a small burst of laughter that opens your mouth and sends several bubbles of air into Perpetua's mass. She laughs as they get stuck inside her for a moment, but also capitalizes on your mouth being open by invading it with her slime again.",
            "As your mouth is invaded yet again by Perpetua's sweet tasting slime, you can feel the loss of the air that you released earlier, struggling now to keep a straight face as your lungs burn with the lack of new air flowing into them. Perpetua watches with glee as your cheeks start to change colors and your eyes strain from the lack of oxygen.",
            "Just before you pass out from the lack of air, however, Perpetua pulls back again. She peels herself off of you fully and says that she enjoyed watching you struggle like that.",
            "She waves goodbye to you and promises that she will continue to grow stronger as your rival, but her words fall on deaf ears as your exhaustion and oxygen deprived brain quickly pulls you to unconsciousness.",
            "ChangeFetish", "Feet", "10",
            "ChangeFetish", "Submitting", "10",
            "ChangeSensitivity", "Mouth", "5",
            "GameOver"
            ],
            "picture": ""
        }
    ],
    "combatDialogue": [
        {
            "lineTrigger": "HitWith",
            "move": "Foot Worship",
            "theText": [
                "|f|ChangeImageFor|/|WinningBlush|n|'Thaatttt's it, you never stood a chance, you helpless pervert.'",
                "|f|ChangeImageFor|/|Joy|n|'I taste good, don't I?'",
                "|f|ChangeImageFor|/|Winning|n|'I guess my power was more overwhelming than I thought.'",
                "|f|ChangeImageFor|/|Joy|n|'Hahah, already my slave hmmm? Well keep at it then.'"
            ]
        },
        {
            "lineTrigger": "UsesMove",
            "move": "Gooey Foot Capture",
            "theText": [
                "|f|ChangeImageLayer|/|Expression|/|LipLick|n|'It will be over in a second!'",
                "|f|ChangeImageLayer|/|Expression|/|LipLick|n|'You're mine!'",
                "|f|ChangeImageLayer|/|Expression|/|LipLick|n|'Your fate is sealed now!'"
            ]
        },
        {
            "lineTrigger": "UsesMove",
            "move": "Jello Stomping",
            "theText": [
                "|f|ChangeImageLayer|/|Expression|/|Joy|n|'What kind of chance do you stand against {i}this{/i} power?!'",
                "|f|ChangeImageLayer|/|Expression|/|LipLick|n|'Now it's time for my ultimate move!'",
                "|f|ChangeImageLayer|/|Expression|/|LipLick|n|'Don't struggle, or this is gonna hurt!♥'"
            ]
        },
        {
            "lineTrigger": "UsesMove",
            "move": "Gooey Smother",
            "theText": [
                "|f|ChangeImageLayer|/|Expression|/|LipLick|n|'There's no point in resisting me now!'",
                "|f|ChangeImageLayer|/|Expression|/|LipLick|n|'Now it's time for my ultimate move!'",
                "|f|ChangeImageLayer|/|Expression|/|Laugh|n|'Try not to drown in me!♥'"
            ]
        },
        {
            "lineTrigger": "UsesMove",
            "move": "Gooey Trampling",
            "theText": [
                "|f|ChangeImageLayer|/|Expression|/|Joy|n|'What kind of chance do you stand against {i}this{/i} power?!'",
                "|f|ChangeImageLayer|/|Expression|/|Laugh|n|'Mwahaha! I think I'll toy with you a bit!♥'",
                "|f|ChangeImageLayer|/|Expression|/|LipLick|n|'That's it! Just let me play with your body!'"
            ]
        },
        {
            "lineTrigger": "UsesMove",
            "move": "Slime Foot Engulf",
            "theText": [
                "|f|ChangeImageLayer|/|Expression|/|Joy|n|'I've covered you completely now!' You're pretty sure this is the most she can cover you in slime...",
                "|f|ChangeImageLayer|/|Expression|/|LipLick|n|'There's no point in resisting me now!'",
                "|f|ChangeImageLayer|/|Expression|/|Laugh|n|'Try not to drown in me!♥'"
            ]
        },
        {
            "lineTrigger": "StanceStruggle",
            "move": "Trampling",
            "theText": [ "[ThePlayerName] struggles to escape [AttackerName]'s pooling, gooey feet..."]
        },
        {
            "lineTrigger": "StanceStruggleFail",
            "move": "Trampling",
            "theText": [ "But you fail to break free of the gooey prison.",
                         "But [AttackerName] forms a slimy collar around your neck and keeps you pinned to the ground.",
                         "But [AttackerName] floods your mouth and nose with slime, causing you to stop struggling."]
        },
        {
            "lineTrigger": "StanceStruggleComment",
            "move": "Trampling",
            "theText": [ "'Struggle all you want! You won't get free!'",
                         "'I've got you right where I want you, Hero!'",
                         "'Don't struggle so much, it'll all be over for you soon.♥'"]
        },
        {
            "lineTrigger": "StanceStruggleFree",
            "move": "Trampling",
            "theText": [ "And manages to escape her feet!"]
        },
        {
            "lineTrigger": "StanceStruggleFreeComment",
            "move": "Trampling",
            "theText": [ "'Heh, only a minor setback.'",
                         "'It won't be long until you're begging me for more.'",
                         "'What's wrong, scared of my feet? T-That I kinda only sorta have...'"]
        },
        {
            "lineTrigger": "OnPlayerOrgasm",
            "move": "Trampling",
            "theText": [ "Perpetua's ability to mess with your breathing and massaging your body with her slimy feet sends unusual waves of pleasure through your body, and you can't take it any longer as you fire a load off into nothing. Perpetua smirks and laughs at you. 'Ha, and you call yourself a hero and still lose to a slime's feet!'"
                      ]
        }
    ],
    "victoryScenes": [],
    "pictures": []
}
