{
    "IDname": "Salaris",
    "Addition": "Yes",
    "skillList": [ "Webbing Smother", "Predatory Foot Capture", "Predatory Foot Capture", "Predatory Foot Capture", "Predatory Foot Capture", "Predatory Foot Capture", "Predatory Foot Capture", "Tongue And Foot", "Paralytic Foot", "Numbing Stomp" ],
    "perks": [ ""],
    "ItemDropList": [],

    "lossScenes": [
        {
            "NameOfScene": "Trampling Loss Scene",
            "move": "",
            "stance": "Trampling",
            "includes": [ ""],
            "theScene": [
            "JumpToEvent", "SalarisTrampleLoss"
            ],
            "picture": ""
        }
    ],
    "combatDialogue": [
        {
            "lineTrigger": "HitWith",
            "move": "Foot Worship",
            "theText": [
                "|f|ChangeImageLayer|/|Expression|/|Kissing|n|'You must really want me to keep doing this.♥'",
                "|f|ChangeImageLayer|/|Expression|/|KissingAgressive|n|'You wanna be paralyzed don't you?♥'",
                "|f|ChangeImageLayer|/|Expression|/|KissingAgressive|n|'Are my feet too much for you?♥'"
            ]
        },
        {
            "lineTrigger": "UsesMove",
            "move": "Webbing Smother",
            "theText": [
                "|f|ChangeImageLayer|/|Expression|/|Lick|n|'Won't be long now.♥'",
                "|f|ChangeImageLayer|/|Expression|/|BaseLick|n|'Enjoying yourself?♥ Hehehe.♥'",
                "|f|ChangeImageLayer|/|Expression|/|Kissing|n|'Hehehe.♥'"
            ]
        },
        {
            "lineTrigger": "UsesMove",
            "move": "Predatory Foot Capture",
            "theText": [
                "|f|ChangeImageLayer|/|Expression|/|KissingAgressive|n|'You're mine now.♥'",
                "|f|ChangeImageLayer|/|Expression|/|BaseLick|n|'Mmmm, such delicious prey.♥'",
                "|f|ChangeImageLayer|/|Expression|/|Lick|n|'You're not going to escape me.♥'"
            ]
        },
        {
            "lineTrigger": "UsesMove",
            "move": "Tongue And Foot",
            "theText": [
                "|f|ChangeImageLayer|/|Expression|/|KissingAgressive|n|'Your whole body is gonna go numb.♥'",
                "|f|ChangeImageLayer|/|Expression|/|BaseLick|n|'Enjoying yourself?♥ Hehehe.♥'",
                "|f|ChangeImageLayer|/|Expression|/|BaseLick|n|'Isn't my tongue amazing?'"
            ]
        },
        {
            "lineTrigger": "UsesMove",
            "move": "Paralytic Foot",
            "theText": [
                "|f|ChangeImageLayer|/|Expression|/|Lick|n|'Won't be long now.♥'",
                "|f|ChangeImageLayer|/|Expression|/|Lick|n|'Hehe, can you feel my venom soaking in?♥'",
                "|f|ChangeImageLayer|/|Expression|/|Kissing|n|'Hehehe.♥'"
            ]
        },
        {
            "lineTrigger": "UsesMove",
            "move": "Numbing Stomp",
            "theText": [
                "|f|ChangeImageLayer|/|Expression|/|KissingAgressive|n|'Your whole body is gonna go numb.♥'",
                "|f|ChangeImageLayer|/|Expression|/|Lick|n|'Hehe, can you feel my venom soaking in?♥'",
                "|f|ChangeImageLayer|/|Expression|/|Kissing|n|'Hehehe.♥'"
            ]
        },
        {
            "lineTrigger": "StanceStruggle",
            "move": "Trampling",
            "theText": [ "[ThePlayerName] struggles to escape [AttackerName]'s webbed feet..."]
        },
        {
            "lineTrigger": "StanceStruggleFail",
            "move": "Trampling",
            "theText": [ "But her slick skin slips through your grasp time and time again.",
                         "But [AttackerName] whips her tail at you, sending a paralyzing jolt through you.",
                         "But [AttackerName] spreads her webbed feet and covers your face with them, briefly suffocating you."]
        },
        {
            "lineTrigger": "StanceStruggleComment",
            "move": "Trampling",
            "theText": [ "'Hehe, getting scared?♥'",
                         "'How much more can you struggle?♥'",
                         "'I won't let such a cutie get away from me.'"]
        },
        {
            "lineTrigger": "StanceStruggleFree",
            "move": "Trampling",
            "theText": [ "And manages to escape her feet!"]
        },
        {
            "lineTrigger": "StanceStruggleFreeComment",
            "move": "Trampling",
            "theText": [ "'You haven't gotten away just yet.♥'",
                         "'Hehe, It's always more fun when prey fights back.♥'",
                         "'I'm impressed you can still move.'"]
        },
        {
            "lineTrigger": "OnPlayerOrgasm",
            "move": "Trampling",
            "theText": [ "While you're left trembling in ecstasy, the Salaris laughs and rubs her feet all over your face again, spreading her slick mucus all over you."
                      ]
        }
    ],
    "victoryScenes": [],
    "pictures": []
}
