{
    "IDname": "Shizu",
    "Addition": "Yes",
    "skillList": [ "Ninpo Art: Face Grinding", "Ninpo Art: Face Stuffing", "Ninpo Art: Foot Smother", "Ninpo Art: Trample", "Ninpo Art: Trample", "Ninpo Art: Trample", "Ninpo Art: Trample", "Ninpo Art: Trample", "Ninpo Art: Trample", "Ninpo Art: Stocking Choke" ],
    "perks": [ ""],
    "ItemDropList": [],

    "lossScenes": [
        {
            "NameOfScene": "Trampling Loss Scene",
            "move": "",
            "stance": "Trampling",
            "includes": [ ""],
            "theScene": [
            "You mumble a moan in defeat as Shizu's bodysuit-clad feet rub against your face more and more, driving her aphrodisiac laced perfume deeper into your brain as you orgasm and lose the rest of your remaining strength.",
            "ChangeImageLayer", "Expression", "1", "Dominant",
            "Shizu looks down at your exhausted body with a smug, domineering look as your struggles fade away into nothing. Shizu pushes her weight forward, driving the ball of her foot against your cheek as she coos and condescends toward you.",
            "Speaks",
            "Lost already, have we? Well I'll show you the depths of what losing can do to a person.♥",
            "Shizu pulls her foot off your face, hovering it just inches away from your nose. The scent of her sweet, addicting perfume wafts down into your nose as you take short, shallow breaths in an effort to recuperate after having Shizu dominate your face.",
            "You can feel your mind slowly turning to mush as Shizu's scent digs into you, and with each breath you take you slowly become enraptured with the ninja master's foot. You attempt to bring your head forward in an effort to kiss at the lovely foot in front of you, but Shizu angles her foot and uses her toes to press on your forehead and push your head back to the ground.",
            "ChangeImageLayer", "Expression", "1", "Stern",
            "Speaks",
            "Tsk tsk, I didn't give you permission to kiss my feet, now did I? You will do exactly as I say, and any deviation will be punished, okay?",
            "Wordlessly, you give the faintest of nods to Shizu, and her face lights up in a sadistically sweet smile. She lowers the arch of her foot onto your face again, with her heel hanging just over your mouth as she grinds her foot side to side on your face.",
            "You struggle and fight against your impulse to worship the slender, intoxicating foot in front of your face with all your might, only at the last second for Shizu to pull away before you can break. She looks at you with a playful expression in her eyes as she snaps her fingers.",
            "You hear quiet footsteps around you but as you try to lazily crane your neck to see who has arrived, you see nothing around you. When you turn back to face Shizu you see that she is holding several objects in her hand. She takes the first object in her hand and begins to ball it up. You realize that it is a thigh-high stocking for one of Shizu's kunoichi trainees.",
            "You cock your head in confusion, but Shizu simply utters the words 'open wide' at you and you instinctively open your mouth for Shizu. She kneels down beside you and places the balled up stocking into your mouth, struggling to fit the entirety of the sock inside for a moment as it fills your mouth entirely.",
            "Immediately your mouth is filled with the taste of a kunoichi's sweaty sock, pouring into your mouth as your tongue struggles against the thick material. However, with the sock firmly stuck in your mouth means you are constantly swallowing your spit mixed with the aphrodisiac perfume, which now further heightens your arousal as Shizu begins to prepare her next item for you.",
            "Shizu produces what appears to be a large, mesh-like patch of fishnet material, similar to the fishnet patterns on the side of her bodysuit. Still kneeling beside your head, Shizu slips the fishnets over your head and begins to tie it tightly around your neck, ensuring that the sweaty fabric clings tight to your face.",
            "Your vision swims in a haze of pleasure and arousal as Shizu stands back up again. The overwhelming stench of her sweat and perfume mingling together in your mind, alongside the sweaty stocking in your mouth has gotten you unbelievably erect even without Shizu touching you. You try to focus your mind on something, but any attempts to calm down are thwarted by the rampant aphrodisiac running through your body.",
            "Shizu stands beside your face, witnessing her hard work on display as you lay around as a moaning, jumbled mess of pleasure. Shizu lifts a foot above your face and slowly brings it down onto you, grinding her sole across your face with a sadistic glee.",
            "ChangeImageLayer", "Expression", "1", "Loving",
            "Speaks",
            "Okay now, you may go ahead and kiss my feet.♥ Go on, you've earned it.",
            "With the balled-up stocking still in your mouth, you cannot close your mouth enough to even try and kiss at Shizu's feet. Shizu feels your face contorting under her foot to attempt to fulfill your objective and she chuckles at your failure, and rubs it in by lowering the arch of her foot onto your face.",
            "ChangeImageLayer", "Expression", "1", "Caring",
            "Speaks",
            "It must be so frustrating for you, unable to even purse your lips and press them to my feet, only able to breathe in my wonderful scent. I wonder what would happen if I took even that away from you?",
            "As she finishes saying that, Shizu's toes descend upon your nose and quickly pinches it tight, blocking off your last form of breathing. Your eyes flare up as you try to breathe through the stocking in your mouth, but the airflow is too thin through the thick fabric and you feel your lungs already rebelling against the lack of oxygen.",
            "Your fingers curl and scrape the ground as Shizu watches your eyes water and your cheeks change color, but she does not relent as your mind begins to fade and your body starts to lose functions from the lack of air.",
            "ChangeImageLayer", "Expression", "1", "Dominant",
            "At the last second, just before you lose all consciousness, Shizu pulls her foot back, letting you breathe through your nose and regain some oxygen into your lungs. Laughing, Shizu undoes the fishnets from your head and retrieves the stocking in a flash, and struts away, giving you ample time to observe her ample rear as she leaves.",
            "The lack of oxygen and your exhaustion from the fight takes its toll on you, and you finally let yourself pass out and return to town.",
            "ChangeFetish", "Feet", "10",
            "ChangeFetish", "Submitting", "10",
            "ChangeSensitivity", "Mouth", "5",
            "GameOver"
            ],
            "picture": ""
        }
    ],
    "combatDialogue": [
        {
            "lineTrigger": "HitWith",
            "move": "Foot Worship",
            "theText": [
                "|f|ChangeImageLayer|/|Expression|/|Base|n|'You can hardly stop yourself...'",
                "|f|ChangeImageLayer|/|Expression|/|Base|n|'Hmmm...♥'",
                "|f|ChangeImageLayer|/|Expression|/|Hungry|n|'That's it, let yourself be buried in my feet.'"
            ]
        },
        {
            "lineTrigger": "UsesMove",
            "move": "Ninpo Art: Stocking Choke",
            "theText": [
                "|f|ChangeImageLayer|/|Expression|/|Dominant|n|She makes strange hand signs.",
                "|f|ChangeImageLayer|/|Expression|/|Dominant|n|'You can't endure this forever.'",
                "|f|ChangeImageLayer|/|Expression|/|Dominant|n|'You will submit eventually.'"
            ]
        },
        {
            "lineTrigger": "UsesMove",
            "move": "Ninpo Art: Trample",
            "theText": [
                "|f|ChangeImageLayer|/|Expression|/|Dominant|n|She makes strange hand signs.",
                "|f|ChangeImageLayer|/|Expression|/|Dominant|n|'Let's see how you fare, adventurer!",
                "|f|ChangeImageLayer|/|Expression|/|Dominant|n|She lets out an eerie laugh."
            ]
        },
        {
            "lineTrigger": "UsesMove",
            "move": "Ninpo Art: Foot Smother",
            "theText": [
                "|f|ChangeImageLayer|/|Expression|/|Kissing|n|'Drown in pleasure!'",
                "|f|ChangeImageLayer|/|Expression|/|Dominant|n|She makes strange hand signs.",
                "|f|ChangeImageLayer|/|Expression|/|Dominant|n|'You can't endure this forever.'"
            ]
        },
        {
            "lineTrigger": "UsesMove",
            "move": "Ninpo Art: Face Stuffing",
            "theText": [
                "|f|ChangeImageLayer|/|Expression|/|Dominant|n|She makes strange hand signs.",
                "|f|ChangeImageLayer|/|Expression|/|Dominant|n|'Are your nerves scrambled yet?'",
                "|f|ChangeImageLayer|/|Expression|/|Caring|n|'Just relax and give in to the pleasure...'"
            ]
        },
        {
            "lineTrigger": "UsesMove",
            "move": "Ninpo Art: Face Grinding",
            "theText": [
                "|f|ChangeImageLayer|/|Expression|/|Dominant|n|She makes strange hand signs.",
                "|f|ChangeImageLayer|/|Expression|/|Dominant|n|'Are your nerves scrambled yet?'",
                "|f|ChangeImageLayer|/|Expression|/|Caring|n|'Just relax and give in to the pleasure...'"
            ]
        },
        {
            "lineTrigger": "StanceStruggle",
            "move": "Trampling",
            "theText": [ "[ThePlayerName] struggles to escape [AttackerName]'s well-trained feet..."]
        },
        {
            "lineTrigger": "StanceStruggleFail",
            "move": "Trampling",
            "theText": [ "But [AttackerName] roughly pins you to the ground and keeps her feet planted on top of you!",
                         "But [AttackerName] send energy surging through her feet, shocking you and making you lose focus.",
                         "But [AttackerName] uses her feet to trace a symbol on your chest, and your mind desyncs for a moment."]
        },
        {
            "lineTrigger": "StanceStruggleComment",
            "move": "Trampling",
            "theText": [ "'There is no escape!'",
                         "'My feet will tame you in no time.'",
                         "'You see a smug smile through her facemask.'"]
        },
        {
            "lineTrigger": "StanceStruggleFree",
            "move": "Trampling",
            "theText": [ "And manages to escape her feet!"]
        },
        {
            "lineTrigger": "StanceStruggleFreeComment",
            "move": "Trampling",
            "theText": [ "'You can't endure me forever.'",
                         "'You're not even a match for my feet.'",
                         "'You're merely delaying your inevitable orgasm.'"]
        },
        {
            "lineTrigger": "OnPlayerOrgasm",
            "move": "Trampling",
            "theText": [ "The thick haze of Shizu's perfume hangs in the air around your face, her feet continue to barrage your chest and head and before long you feel your groin ache with pleasure that soon fires out all over the ground. Shizu gives you a derisive laugh as she presses her toes into your nose and forces you to breathe in the scent of her foot."
                      ]
        }
    ],
    "victoryScenes": [],
    "pictures": []
}
