{
    "IDname": "Tengu",
    "Addition": "Yes",
    "skillList": [ "Trampling Winds", "Capturing Winds", "Capturing Winds", "Capturing Winds", "Capturing Winds", "Capturing Winds", "Capturing Winds", "Sweeping Smother", "Snuffing Lights", "Gale Force Stomp" ],
    "perks": [ ""],
    "ItemDropList": [],

    "lossScenes": [
        {
            "NameOfScene": "Trampling Loss Scene",
            "move": "",
            "stance": "Trampling",
            "includes": [ ""],
            "theScene": [
                "ChangeImageLayer", "Expression", "1", "Smug", "ChangeImageLayer", "Base", "1", "Base",
            "You go slack on the ground, unable to properly resist the domineering Tengu who stands atop your face. She looks down at you with an expression of bored contempt as you cease your struggling",
            "Speaks",
            "Seems like you are all out of energy, you aren't even worthy to be a throne, more like a floor mat for my feet.",
            "The Tengu's foot presses down on your face, smothering you beneath her silken white socks. Your mind is worn down from her constant magic during the fight, and you feel powerless to even muster a response to her insult as her foot mushes various parts of your slack face.",
            "Your face is poked and prodded by the Tengu's heavenly toes as she drums and massages your cheeks, letting the sensations of her feet touching you build up in your mind. With each poke of her toes, or each whiff of her glorious scent as her foot passes over your nose, you can feel yourself losing yourself to a desire to worship the towering Tengu.",
            "As you struggle in your mind, the Tengu flicks her staff and lets a pulse of magic slam into your body, forcing the air from your lungs in a great gasp. Taking advantage of this moment, the Tengu places her big toe inside your mouth and lets your mouth close around it.",
            "ChangeImageLayer", "Expression", "1", "Haughty",
            "Speaks",
            "I am curious to see if your face is as good for my feet as it is for my rear. You will do your best and worship me.",
            "The wave of magic surging through your body fills you with a unrelenting desire to worship the foot that has been dominating you, and as your body gives in to the command placed upon you, your tongue begins to stroke at the single toe that has been placed inside your mouth.",
            "With each passing lick, your mind pulses with pleasure as the shape and texture of the Tengu's toe is recorded into your mind, it's scent and taste fills the gap in your mind until the only thing you can think of becomes the Tengu's foot.",
            "ChangeImageLayer", "Expression", "1", "Happy",
            "Impressed at your dedication, the Tengu pulls her foot back momentarily, much to your panting dismay as your leave your tongue sticking out, desperate to worship the foot that just left you. The Tengu rolls down her knee-high sock and discards it onto your rigid manhood before returning her now bare foot onto your face.",
            "The ball of her foot lands on your lips as her toes drum against your nose, filling your head further with the direct scent of her wonderful foot. You purse your lips and press them against the Tengu's foot. Her soft, delicate sole feels like heaven on your lips, and a wave of pleasure pulses through your body as you moan into her sole.",
            "You place kiss after kiss onto the Tengu's foot, hoping to feel the pulse of pleasure again, and as you kiss up and down the arch of her foot, the Tengu rewards you again with a brief wave of magical pleasure, enough to elicit another moan that is buried under her soles.",
            "The raging feelings of lust in your body churn and mix inside you, desperate for release as your manhood twitches in agonizing arousal. The Tengu only smiles down at you as you frantically and dogmatically kiss at her feet, enjoying the worship bestowed upon her.",
            "ChangeImageLayer", "Expression", "1", "Overconfident",
            "While you are kissing her soles, you inadvertently slip your tongue onto the sole of the Tengu, and after receiving a surprised gasp from the overpowering woman, you take it as a sign what you should be doing next for her, and switch from worshipful kisses to placing your tongue upon the soft, fragrant sole of the Tengu.",
            "The Tengu is in awe of the power of your tongue as it passes over her sole again and again, eliciting a soft moan from her as she rewards you with wave after wave of pleasure from her magic. You shake from the pent-up pleasure inside your body, and feel the twitching in your manhood as it burns and yearns for release.",
            "You mutter and beg underneath the Tengu's sole, begging her to let you cum. But your hot breath only serves to turn on the Tengu more, causing her to ignore your pleas as she dips her toes back into your begging mouth.",
            "Your mind collapses as her toes push into your mouth, the smooth, silky feel of her toes against your tongue pushes you to bliss as you lose control over your body and diligently lick at the Tengu's toes.",
            "ChangeImageLayer", "Expression", "1", "Pleasured",
            "You lap and lap at her toes without a break for what must have been minutes as the Tengu pants and moans at the feel of your tongue worshipping her feet. And as she finally cums from the pleasure building up in her body she finally waves her staff at you, releasing your body from its prison of pleasure and allowing you to cum.",
            "PlayerOrgasm", "2",
            "You fire thick ropes of cum, semi-painfully as you do so as your body borders on the verge of an exhaustion-induced blackout. As you finish you find that your body cannot muster the strength to even move your tongue anymore.",
            "ChangeImageLayer", "Expression", "1", "Happy",
            "The Tengu slowly staggers off of your body and redresses herself, before addressing you as a worthy foot slave for her in the future. You take the compliment to heart in your lust-addled mind and pass out, returning to town.",
            "ChangeFetish", "Feet", "10",
            "ChangeFetish", "Submitting", "10",
            "ChangeSensitivity", "Mouth", "5",
            "GameOver"
            ],
            "picture": ""
        }
    ],
    "combatDialogue": [
        {
            "lineTrigger": "HitWith",
            "move": "Foot Worship",
            "theText": [
                "|f|ChangeImageLayer|/|Expression|/|Indignant|n|'Th-That was nothing.'",
                "|f|ChangeImageLayer|/|Expression|/|Haughty|n|'I suppose I can pity you for a moment.'",
                "|f|ChangeImageLayer|/|Expression|/|Haughty|n|'Hmhmhm, I am rather magnificent aren't I?'"
            ]
        },
        {
            "lineTrigger": "UsesMove",
            "move": "Gale Force Stomp",
            "theText": [
                "|f|ChangeImageLayer|/|Expression|/|Haughty|n||f|ChangeImageLayer|/|Base|/|Base|n|'Poor, pathetic human...'",
                "|f|ChangeImageLayer|/|Expression|/|Overconfident|n||f|ChangeImageLayer|/|Base|/|Base|n|'You'd better worship me.'"
            ]
        },
        {
            "lineTrigger": "UsesMove",
            "move": "Snuffing Lights",
            "theText": [
                "|f|ChangeImageLayer|/|Expression|/|Haughty|n||f|ChangeImageLayer|/|Base|/|Base|n|'Poor, pathetic human...'",
                "|f|ChangeImageLayer|/|Expression|/|Base|n||f|ChangeImageLayer|/|Base|/|Base|n|'Maybe I'm being too gentle.'",
                "|f|ChangeImageLayer|/|Expression|/|Smug|n||f|ChangeImageLayer|/|Base|/|Base|n|'How long can you endure?'"
            ]
        },
        {
            "lineTrigger": "UsesMove",
            "move": "Sweeping Smother",
            "theText": [
                "|f|ChangeImageLayer|/|Expression|/|Smug|n||f|ChangeImageLayer|/|Base|/|Base|n|'Come on, you can at least handle this, can't you?'",
                "|f|ChangeImageLayer|/|Expression|/|Base|n||f|ChangeImageLayer|/|Base|/|Base|n|'Maybe I'm being too gentle.'",
                "|f|ChangeImageLayer|/|Expression|/|Smug|n||f|ChangeImageLayer|/|Base|/|Base|n|'How long can you endure?'"
            ]
        },
        {
            "lineTrigger": "UsesMove",
            "move": "Capturing Winds",
            "theText": [
                "|f|ChangeImageLayer|/|Expression|/|Overconfident|n||f|ChangeImageLayer|/|Base|/|Base|n|'You'd better worship me.'",
                "|f|ChangeImageLayer|/|Expression|/|Smug|n||f|ChangeImageLayer|/|Base|/|Base|n|'Go on, accept your place beneath me.'",
                "|f|ChangeImageLayer|/|Expression|/|Haughty|n||f|ChangeImageLayer|/|Base|/|Base|n|'Poor, pathetic human...'"
            ]
        },
        {
            "lineTrigger": "UsesMove",
            "move": "Trampling Winds",
            "theText": [
                "|f|ChangeImageLayer|/|Expression|/|Smug|n||f|ChangeImageLayer|/|Base|/|Base|n|'Come on, you can at least handle this, can't you?'",
                "|f|ChangeImageLayer|/|Expression|/|Haughty|n||f|ChangeImageLayer|/|Base|/|Base|n|'Poor, pathetic human...'",
                "|f|ChangeImageLayer|/|Expression|/|Haughty|n||f|ChangeImageLayer|/|Base|/|Base|n|'Just worship me already, you pathetic human.'"
            ]
        },
        {
            "lineTrigger": "StanceStruggle",
            "move": "Trampling",
            "theText": [ "[ThePlayerName] struggles to escape [AttackerName]'s silky, socked feet..."]
        },
        {
            "lineTrigger": "StanceStruggleFail",
            "move": "Trampling",
            "theText": [ "But a rush of wind slams into you and you cease struggling.",
                         "But [AttackerName] idly stomps down onto your hand and dismisses your attempts.",
                         "But [AttackerName] traps your nose under her sole and forces you to breathe deeply the scent of her feet, depriving you of fresh air."]
        },
        {
            "lineTrigger": "StanceStruggleComment",
            "move": "Trampling",
            "theText": [ "'If you stop struggling, I'll let you cum.'",
                         "'You should learn your place.'",
                         "'How sad, you can't even escape.'"]
        },
        {
            "lineTrigger": "StanceStruggleFree",
            "move": "Trampling",
            "theText": [ "And manages to escape her feet!"]
        },
        {
            "lineTrigger": "StanceStruggleFreeComment",
            "move": "Trampling",
            "theText": [ "She gives you a surprised look, clearly not expecting you to get away.",
                         "'Hehe, what's wrong human? Afraid to worship your betters?'",
                         "'So you have some fight after all? It'll only make it sweeter when I subjugate you.'"]
        },
        {
            "lineTrigger": "OnPlayerOrgasm",
            "move": "Trampling",
            "theText": [ "As you feel yourself reach the brink of orgasm, the Tengu dismissively presses her sole harder against your chest, forcing the wind out of your lungs as you blow your load onto the ground. The Tengu sneers at you before pressing her foot into your face."
                      ]
        }
    ],
    "victoryScenes": [],
    "pictures": []
}
