{
    "IDname": "Whelpling",
    "Addition": "Yes",
    "skillList": [ "Whelpling Foot Covering", "Whelpling Foot Trample", "Whelpling Foot Trample", "Whelpling Foot Trample", "Whelpling Foot Trample", "Whelpling Foot Trample", "Whelpling Foot Trample", "Whelpling Foot Smothering", "Whelpling Foot Choke", "Whelpling Foot Bounce" ],
    "perks": [ ""],
    "ItemDropList": [],

    "lossScenes": [
        {
            "NameOfScene": "Trampling Loss Scene",
            "move": "",
            "stance": "Trampling",
            "includes": [ ""],
            "theScene": [
            "You suffer a complete loss under the tiny feet of the smallest of the dragon clan. Her lithe, nimble feet caress your face as you lose the energy to fight back as the Whelpling denigrates and continues to verbally abuse you.",
            "Speaks",
            "Hmph, what a weirdo, losing to a pair of feet smushing up your face? I've never understand humans and their gross desires.",
            "With that, the Whelpling sends her large tail to coil underneath your head, acting as a pillow beneath you as her feet continue to massage around and press into your face.",
            "Speaks",
            "Although, your face does serve as a relaxing way to stretch out my feet. So I might as well put a lowlife like you to good use.",
            "With her tail under your head and her feet pressing down onto you, the Whelpling stretches her arms out and plops herself down onto your chest, relaxing her full weight onto you as you struggle for breath.",
            "Your breathing restricts as the Whelpling's weight presses down onto you like this, you struggle for a moment against her but realize that you are powerless underneath her. As you struggle to get air into your lungs, you breathe in the alluring scent of her feet as they drag across your face.",
            "The tiny feet of the Whelpling cover your eyes for a moment, as the Whelpling digs her heels into your cheeks and flexes her clawed toes upwards, letting the stress go as she lets out a cute yawn. As she finishes her stretching, she uses the length of one of her feet to cover your mouth, letting out a cute giggle as she feels your hot  breath wash over her foot.",
            "Speaks",
            "Hmmm, I wonder, how long can you hold your breath for, human?",
            "Instead of pinching your nose with her other foot like you expected, the Whelpling simply cups her feet around your face, creating a dome around your mouth and nose. As you slowly breath in through your nose, you realize that you can breathe just fine, but the air you pull in is filled with the scent of the Whelpling's foot.",
            "All the sweat and dirt that has accumulated on the Whelpling over her day fills the air that you breathe in, and as you breathe out the air inside the dome becomes stale, and you welcome the Whelpling's foot scent as the only air available to you.",
            "The feeling of being dominated in such a way by the feet of such a small woman stiffens your dick with lust. The Whelpling turns her head and sees your manhood, rigid and standing at attention. She lets out a derisive laugh as her hand lazily makes its way down to your penis. With a simple motion, she flicks at the sensitive tip of your cock, sending it waving in the breeze as it waves back and forth.",
            "Speaks",
            "I can't believe you're still so horny just from being subjected to my foot's stench. I can't believe how pathetic you are.",
            "The Whelpling continuously bats at your rigid manhood, laughing as it sways back and forth as you struggle to suppress your moans as the pain and pleasure of her toying with you sends a shuddering wave of pleasure through your body.",
            "Eager to find some outlet for your pleasure, you place your tongue against the sole of the Whelpling and begin to lick, hoping to take your mind off the sensation of the small dragon girl from abusing your cock. The sensation of your tongue pressed against her sole causes the Whelpling to burst out into laughter.",
            "Speaks",
            "Is it truly so erotic for you to suffocate under my feet? Well, I won't stop you from worshipping the feet of a dragon.",
            "Your breath is ragged from the stilted air around you and the difficulties of filling your lungs with air due to the weight of the Whelpling on top of your chest, but you continue to lick and worship the feet of the Whelpling, unable to think of doing anything else in this situation.",
            "Intrigued by your continued worship, the Whelpling stops flicking and batting at your penis as she revels in your worshipping licks placed against her soles, and slowly moves her feet out of the dome she has created around your mouth and moves her toe-like claws down to your tongue.",
            "Without thinking about it, you continue to lick at the toes of the Whelpling. Taking in the earthy taste of her worn-out feet, you feel a new surge of pleasure burning inside you as your tongue continuously passes over your dominator's feet. The Whelpling lets out a small giggle as she finds your worship amusing, and she drums her claws against your face.",
            "Without further provocation from the Whelpling, you accidentally cum through the pleasure building up in your body. The shivering orgasm rocks you for a second as your body loses strength for a moment. The Whelpling notices your worship diminishing and finally notices what has transpired.",
            "PlayerOrgasm", "1",
            "With a disdainful click of her tongue, the Whelpling falls off of your body and dismissively walks away from you and your prone, powerless body.",
            "Fresh air fills your lungs again, but it's too late for you to regain your strength as the exhaustion in your body and mind takes hold and you soon pass out and return to town.",
            "ChangeFetish", "Feet", "10",
            "ChangeFetish", "Submitting", "10",
            "ChangeSensitivity", "Mouth", "5",
            "GameOver"
            ],
            "picture": ""
        }
    ],
    "combatDialogue": [
        {
            "lineTrigger": "HitWith",
            "move": "Foot Worship",
            "theText": [
                "'Oh... your tongue feels nice.♥'",
            "'That's right, serve your new master!'",
            "'You humans are meant to worship and serve us dragons.♥'"
            ]
        },
        {
            "lineTrigger": "UsesMove",
            "move": "Whelpling Foot Bounce",
            "theText": [
            "'How does it feel to be buried under my feet, human?'",
            "'I'll trample you like the bug you are!'",
            "''"
            ]
        },
        {
            "lineTrigger": "UsesMove",
            "move": "Whelpling Foot Choke",
            "theText": [
            "'How long can you survive like this?'",
            "'That's right, my feet own you!'",
            "'Do you like being dominated by my feet?'"
            ]
        },
        {
            "lineTrigger": "UsesMove",
            "move": "Whelpling Foot Smothering",
            "theText": [
                "'I'll make sure you never forget my feet, human!'",
                "'You perv, do you like having my feet against you?!'",
            "''How long can you survive like this?''"
            ]
        },
        {
            "lineTrigger": "UsesMove",
            "move": "Whelpling Foot Trample",
            "theText": [
                "'I'll make sure you never forget my feet, human!'",
                "'You perv, do you like having my feet against you?!'",
            "'I'll trample you like the bug you are!'"
            ]
        },
        {
            "lineTrigger": "UsesMove",
            "move": "Whelpling Foot Covering",
            "theText": [
            "'Bye bye, human!'",
            "'Vanish under my feet, you bug!'",
            "'You're finally where you belong!'"
            ]
        },
        {
            "lineTrigger": "StanceStruggle",
            "move": "Trampling",
            "theText": [ "[ThePlayerName] struggles to fend of [AttackerName]'s slender feet..."]
        },
        {
            "lineTrigger": "StanceStruggleFail",
            "move": "Trampling",
            "theText": [ "But fails to throw off the petite dragoness.",
                         "But [AttackerName] does a small hop and knocks the wind out of your chest as she lands on you again.",
                         "But the fervent stomps of [AttackerName] onto your face drives that thought away."]
        },
        {
            "lineTrigger": "StanceStruggleComment",
            "move": "Trampling",
            "theText": [ "'Awww what's wrong? Can't handle the pressure?'",
                         "'Feh, lowly human. You aren't even able to handle being my floormat!'",
                         "'Don't you dare try to leave now!'"]
        },
        {
            "lineTrigger": "StanceStruggleFree",
            "move": "Trampling",
            "theText": [ "And manages to escape from being underfoot!"]
        },
        {
            "lineTrigger": "StanceStruggleFreeComment",
            "move": "Trampling",
            "theText": [ "'No! get back here right this instant!'",
                         "'Damned human, I'll squash you flat next time!'",
                         "'Awww, are you scared, human? You should be since you're fighting a dragon!"]
        },
        {
            "lineTrigger": "OnPlayerOrgasm",
            "move": "Trampling",
            "theText": [ "As the Whelpling continues to trample on your body, the punishment and humiliation of being subjected to her tiny feet causes you to surge up and you blow your load into the air, painting the ground around you white. |n|'Ew, did you actually come from being abused by my feet so much?'"
                      ]
        }
    ],
    "victoryScenes": [],
    "pictures": []
}
