{
    "name": "Cordial Steps",
    "cost": "5",
    "costType": "ep",
    "requiredLevel": "0",
    "learningCost": "0",
    "skillType": "attack",
    "statType": "Technique",
    "requiredStat": "0",
    "skillTags": [ "Feet"],
    "fetishTags": [ "Submitting"],
    "startsStance": "Trampling",
    "requiresStance": "Any",
    "unusableIfStance": [ ""],
    "requiresTargetStance": [ "Any"],
    "unusableIfTarget": [ "Penetration", "Face Sit", "Making Out", "Footjob", "Thighjob"],
    "removesStance": "None",
    "requiresStatusEffect": "None",
    "requiresStatusPotency": "0",
    "unusableIfStatusEffect": [ "None"],
    "power": "20",
    "minRange": "90",
    "maxRange": "110",
    "recoil": "0",
    "targetType": "single",
    "statusEffect": "None",
    "statusChance": "0",
    "statusDuration": "0",
    "statusPotency": "0",
    "statusResistedBy": "",
    "statusText": "",
    "descrip": "",
    "outcome": "[AttackerName] rushes towards [TargetName] and swiftly kicks out [TargetHisOrHer] legs out from underneath their body, causing [TargetName] to land on a bed that wasn't there a moment before. Before [TargetName] can recover, [AttackerName] steps onto the chest of [TargetName] and moves one socked foot to cover [TargetHisOrHer] face.",
    "miss": "[AttackerName] goes to sweep the legs out from underneath [TargetName], but [TargetName] leaps over the attack and avoids being knocked to the ground.",
    "statusOutcome": "",
    "statusMiss": "",
    "restraintStruggle": "",
    "restraintStruggleCharmed": "",
    "restraintEscaped": "",
    "restraintEscapedFail": ""
}
