{
    "name": "Capturing Winds",
    "cost": "5",
    "costType": "ep",
    "requiredLevel": "0",
    "learningCost": "0",
    "skillType": "attack",
    "statType": "Technique",
    "requiredStat": "0",
    "skillTags": [ "Feet"],
    "fetishTags": [ "Feet", "Submitting"],
    "startsStance": "Trampling",
    "requiresStance": "Any",
    "unusableIfStance": [ ""],
    "requiresTargetStance": [ "Any"],
    "unusableIfTarget": [ "Penetration", "Face Sit", "Making Out", "Footjob", "Thighjob"],
    "removesStance": "None",
    "requiresStatusEffect": "None",
    "requiresStatusPotency": "0",
    "unusableIfStatusEffect": [ "None"],
    "power": "15",
    "minRange": "90",
    "maxRange": "110",
    "recoil": "0",
    "targetType": "single",
    "statusEffect": "None",
    "statusChance": "0",
    "statusDuration": "0",
    "statusPotency": "0",
    "statusResistedBy": "",
    "statusText": "",
    "descrip": "",
    "outcome": "[AttackerName] winds up her fan and flicks it with force at [TargetName], bowling [TargetHimOrHer] over as mighty winds barrage [TargetHisOrHer] body and leaves [TargetHimOrHer] sprawled on the floor. Before [TargetName] can recover, [AttackerName] quickly rushes over and places one of her white-socked feet onto the face of [TargetName].",
    "miss": "",
    "statusOutcome": "",
    "statusMiss": "",
    "restraintStruggle": "",
    "restraintStruggleCharmed": "",
    "restraintEscaped": "",
    "restraintEscapedFail": ""
}
