{
    "FetishList": [
        {
            "Name": "Submitting",
            "BaseLevel": "0",
            "Type": "Fetish",
            "CreationOn": "You like submitting and being dominated in such a manner?",
            "CreationOff": "Right, everyone likes to have some control.",
            "ToolTip": "How much you love submitting to the whims of others. \n\nVerdict: ",
            "LevelText": [
              ["0", "You have yet to acquire a fetish for submitting."],
              ["25", "You have a fetish for submitting and being dominated."],
              ["50", "You have a strong fetish for submitting and being dominated. Just thinking about it gets you a little aroused..."],
              ["75", "You have a very strong fetish for submitting and being dominated. Your thoughts are often drifting towards them, leaving you achingly horny..."],
              ["100", "You are completely obsessed with submitting and being dominated. You have a hard time focusing on anything else, and can't even think of resisting temptations of being forced to worship..."]
            ]
          }
    ]
}