{
    "name": "Claws Out",
    "cost": "5",
    "costType": "ep",
    "requiredLevel": "0",
    "learningCost": "0",
    "skillType": "attack",
    "statType": "Technique",
    "requiredStat": "0",
    "skillTags": [ "Feet"],
    "fetishTags": [ "Feet", "Submitting"],
    "startsStance": "",
    "requiresStance": "Trampling",
    "unusableIfStance": [ ""],
    "requiresTargetStance": [ "Any"],
    "unusableIfTarget": [ "Penetration", "Face Sit", "Making Out", "Footjob", "Thighjob"],
    "removesStance": "None",
    "requiresStatusEffect": "None",
    "requiresStatusPotency": "0",
    "unusableIfStatusEffect": [ "None"],
    "power": "15",
    "minRange": "90",
    "maxRange": "110",
    "recoil": "0",
    "targetType": "single",
    "statusEffect": "Aphrodisiac",
    "statusChance": "135",
    "statusDuration": "4",
    "statusPotency": "8",
    "statusResistedBy": "Willpower",
    "statusText": "",
    "descrip": "",
    "outcome": "Feng slowly lets her claws extend from her feet as they poke through the fabric of her stockings, and she slowly drags them across [TargetName]'s face, causing the lust-inducing venom in her claws to seep into her prey.",
    "miss": "[AttackerName] repeatedly steps on the face of [TargetName], who twists their head repeatedly to avoid having [AttackerName]'s feet touch their face",
    "statusOutcome": "[TargetName] feels the effect take hold immediately, as the scent of Feng's stockings and her poison work in tandem to stimulate [TargetHisOrHer] senses into overdrive.",
    "statusMiss": "[TargetName] manages to overpower the poison working in [TargetHisOrHer] system and nullify it.",
    "restraintStruggle": "",
    "restraintStruggleCharmed": "",
    "restraintEscaped": "",
    "restraintEscapedFail": ""
}