{
    "name": "Big Feet Covering",
    "cost": "5",
    "costType": "ep",
    "requiredLevel": "0",
    "learningCost": "0",
    "skillType": "attack",
    "statType": "Technique",
    "requiredStat": "0",
    "skillTags": [ "Feet"],
    "fetishTags": [ "Feet", "Submitting"],
    "startsStance": "",
    "requiresStance": "Trampling",
    "unusableIfStance": [ ""],
    "requiresTargetStance": [ "Any"],
    "unusableIfTarget": [ "Penetration", "Face Sit", "Making Out", "Footjob", "Thighjob"],
    "removesStance": "None",
    "requiresStatusEffect": "None",
    "requiresStatusPotency": "0",
    "unusableIfStatusEffect": [ "None"],
    "power": "15",
    "minRange": "90",
    "maxRange": "110",
    "recoil": "20",
    "targetType": "single",
    "statusEffect": "None",
    "statusChance": "0",
    "statusDuration": "0",
    "statusPotency": "0",
    "statusResistedBy": "",
    "statusText": "",
    "descrip": "",
    "outcome": "Kyra extends both of her feet to easily cover the entirety of [TargetName]'s face, forcing [TargetHimOrHer] to receive their air through the hole between Kyra's feet as she rubs her feet all over [TargetName]'s face.",
    "miss": "",
    "statusOutcome": "",
    "statusMiss": "",
    "restraintStruggle": "",
    "restraintStruggleCharmed": "",
    "restraintEscaped": "",
    "restraintEscapedFail": ""
}
