{
    "name": "Huntress Foot Capture",
    "cost": "5",
    "costType": "ep",
    "requiredLevel": "0",
    "learningCost": "0",
    "skillType": "attack",
    "statType": "Technique",
    "requiredStat": "0",
    "skillTags": [ "Feet"],
    "fetishTags": [ "Feet", "Submitting"],
    "startsStance": "Trampling",
    "requiresStance": "Any",
    "unusableIfStance": [ ""],
    "requiresTargetStance": [ "Any"],
    "unusableIfTarget": [ "Penetration", "Face Sit", "Making Out", "Footjob", "Thighjob"],
    "removesStance": "None",
    "requiresStatusEffect": "None",
    "requiresStatusPotency": "0",
    "unusableIfStatusEffect": [ "None"],
    "power": "15",
    "minRange": "90",
    "maxRange": "110",
    "recoil": "20",
    "targetType": "single",
    "statusEffect": "None",
    "statusChance": "0",
    "statusDuration": "0",
    "statusPotency": "0",
    "statusResistedBy": "",
    "statusText": "",
    "descrip": "",
    "outcome": "Kyra lunges at [TargetName] and pins [TargetHimOrHer] down, and swiftly flows from her pouncing position into a perched, sitting position on [TargetName]'s chest, with her feet extending out and gripping onto the shoulders of the fallen [TargetName].",
    "miss": "",
    "statusOutcome": "",
    "statusMiss": "",
    "restraintStruggle": "",
    "restraintStruggleCharmed": "",
    "restraintEscaped": "",
    "restraintEscapedFail": ""
}
