{
    "name": "Molten Rubbing",
    "cost": "5",
    "costType": "ep",
    "requiredLevel": "0",
    "learningCost": "0",
    "skillType": "attack",
    "statType": "Power",
    "requiredStat": "0",
    "skillTags": [ "Feet"],
    "fetishTags": [ "Feet", "Submitting"],
    "startsStance": "",
    "requiresStance": "Trampling",
    "unusableIfStance": [ ""],
    "requiresTargetStance": [ "Any"],
    "unusableIfTarget": [ "Penetration", "Face Sit", "Making Out", "Footjob", "Thighjob"],
    "removesStance": "None",
    "requiresStatusEffect": "None",
    "requiresStatusPotency": "0",
    "unusableIfStatusEffect": [ "None"],
    "power": "18",
    "minRange": "90",
    "maxRange": "110",
    "recoil": "0",
    "targetType": "3Hits",
    "statusEffect": "None",
    "statusChance": "0",
    "statusDuration": "0",
    "statusPotency": "0",
    "statusResistedBy": "",
    "statusText": "",
    "descrip": "",
    "outcome": "Himika moves one foot over to [TargetName]'s face and begins to quickly move her sole up and down, smearing her sweat across the face of [TargetName], who is powerless to fight back against Himika's strength.",
    "miss": "",
    "statusOutcome": "",
    "statusMiss": "",
    "restraintStruggle": "",
    "restraintStruggleCharmed": "",
    "restraintEscaped": "",
    "restraintEscapedFail": ""
}
