{
    "name": "Ninpo Art: Face Grinding",
    "cost": "5",
    "costType": "ep",
    "requiredLevel": "0",
    "learningCost": "0",
    "skillType": "attack",
    "statType": "Technique",
    "requiredStat": "0",
    "skillTags": [ "Feet"],
    "fetishTags": [ "Feet", "Submitting"],
    "startsStance": "",
    "requiresStance": "Trampling",
    "unusableIfStance": [ ""],
    "requiresTargetStance": [ "Any"],
    "unusableIfTarget": [ "Penetration", "Face Sit", "Making Out", "Footjob", "Thighjob"],
    "removesStance": "None",
    "requiresStatusEffect": "None",
    "requiresStatusPotency": "0",
    "unusableIfStatusEffect": [ "None"],
    "power": "15",
    "minRange": "90",
    "maxRange": "110",
    "recoil": "0",
    "targetType": "single",
    "statusEffect": "Aphrodisiac",
    "statusChance": "150",
    "statusDuration": "5",
    "statusPotency": "9",
    "statusResistedBy": "Willpower",
    "statusText": "",
    "descrip": "",
    "outcome": "[AttackerName] lowers her heel onto the mouth of [TargetName] and slowly grinds back and forth, causing the aphrodisiac perfume laced through her suit to flow into the mouth of [TargetName], causing them to shiver in pleasure as they try to resist the poison flowing through their system.",
    "miss": "",
    "statusOutcome": "[TargetName]'s eyes swirl as the aphrodisiac-laced perfume enters their body and their mind swirls in pleasure.",
    "statusMiss": "[TargetName] manages to power through the aphrodisiac and resist its powerful effects.",
    "restraintStruggle": "",
    "restraintStruggleCharmed": "",
    "restraintEscaped": "",
    "restraintEscapedFail": ""
}
