{
    "name": "Ninpo Art: Foot Smother",
    "cost": "5",
    "costType": "ep",
    "requiredLevel": "0",
    "learningCost": "0",
    "skillType": "attack",
    "statType": "Technique",
    "requiredStat": "0",
    "skillTags": [ "Feet"],
    "fetishTags": [ "Feet", "Submitting"],
    "startsStance": "",
    "requiresStance": "Trampling",
    "unusableIfStance": [ ""],
    "requiresTargetStance": [ "Any"],
    "unusableIfTarget": [ "Penetration", "Face Sit", "Making Out", "Footjob", "Thighjob"],
    "removesStance": "None",
    "requiresStatusEffect": "None",
    "requiresStatusPotency": "0",
    "unusableIfStatusEffect": [ "None"],
    "power": "15",
    "minRange": "90",
    "maxRange": "110",
    "recoil": "0",
    "targetType": "single",
    "statusEffect": "Aphrodisiac",
    "statusChance": "150",
    "statusDuration": "5",
    "statusPotency": "9",
    "statusResistedBy": "Willpower",
    "statusText": "",
    "descrip": "",
    "outcome": "[AttackerName] covers the mouth and nose of [TargetName] with her feet, blocking off their breathing severely as [TargetName] is forced to breathe in the erotic perfume of [AttackerName]'s feet.",
    "miss": "",
    "statusOutcome": "The lack of air makes the perfume all the more effective, and all [TargetName] can think of is worshipping the great ninja's feet that dominate [TargetHimOrHer].",
    "statusMiss": "[TargetName] slows their breathing and ignores the perfume.",
    "restraintStruggle": "",
    "restraintStruggleCharmed": "",
    "restraintEscaped": "",
    "restraintEscapedFail": ""
}
