{
    "name": "Ninpo Art: Stocking Choke",
    "cost": "5",
    "costType": "ep",
    "requiredLevel": "0",
    "learningCost": "0",
    "skillType": "attack",
    "statType": "Technique",
    "requiredStat": "0",
    "skillTags": [ "Feet"],
    "fetishTags": [ "Feet", "Submitting"],
    "startsStance": "",
    "requiresStance": "Trampling",
    "unusableIfStance": [ ""],
    "requiresTargetStance": [ "Any"],
    "unusableIfTarget": [ "Penetration", "Face Sit", "Making Out", "Footjob", "Thighjob"],
    "removesStance": "None",
    "requiresStatusEffect": "None",
    "requiresStatusPotency": "0",
    "unusableIfStatusEffect": [ "None"],
    "power": "15",
    "minRange": "90",
    "maxRange": "110",
    "recoil": "0",
    "targetType": "single",
    "statusEffect": "Defence",
    "statusChance": "110",
    "statusDuration": "4",
    "statusPotency": "-20",
    "statusResistedBy": "Willpower",
    "statusText": "Sensitize",
    "descrip": "",
    "outcome": "[AttackerName] produces from somewhere on her body a long, knee-high stocking and brings it down to [TargetName]'s neck, wrapping it around them and pulling it tight, just enough to hamper the breathing of [TargetName]. This lack of oxygen interferes with [TargetName]'s brain, as they try to overcome this obstacle.",
    "miss": "",
    "statusOutcome": "[TargetName]'s mind swims from the lack of oxygen and [AttackerName]'s perfume, and [TargetName] becomes more susceptible to status attacks.",
    "statusMiss": "[TargetName] keep control of their mind and continues struggling.",
    "restraintStruggle": "",
    "restraintStruggleCharmed": "",
    "restraintEscaped": "",
    "restraintEscapedFail": ""
}
