{
    "name": "Manticore Domination",
    "cost": "5",
    "costType": "ep",
    "requiredLevel": "0",
    "learningCost": "0",
    "skillType": "attack",
    "statType": "Technique",
    "requiredStat": "0",
    "skillTags": [ "Feet"],
    "fetishTags": [ "Feet", "Submitting"],
    "startsStance": "Trampling",
    "requiresStance": "Any",
    "unusableIfStance": [ ""],
    "requiresTargetStance": [ "Any"],
    "unusableIfTarget": [ "Penetration", "Face Sit", "Making Out", "Footjob", "Thighjob", "Tail Fuck"],
    "removesStance": "None",
    "requiresStatusEffect": "None",
    "requiresStatusPotency": "0",
    "unusableIfStatusEffect": [ "None"],
    "power": "15",
    "minRange": "90",
    "maxRange": "110",
    "recoil": "0",
    "targetType": "single",
    "statusEffect": "None",
    "statusChance": "0",
    "statusDuration": "0",
    "statusPotency": "0",
    "statusResistedBy": "",
    "statusText": "",
    "descrip": "",
    "outcome": "[AttackerName] lashes her tail low to the ground and aims for [TargetName]'s feet, wrapping them up by the ankles and yanking her tail backward to send [TargetName] falling ass first into the ground. [AttackerName] capitalizes on this moment and slams her foot into [TargetName]'s face, and holds it there as [TargetName] struggles against her power.",
    "miss": "",
    "statusOutcome": "",
    "statusMiss": "",
    "restraintStruggle": "",
    "restraintStruggleCharmed": "",
    "restraintEscaped": "",
    "restraintEscapedFail": ""
}
