{
    "name": "Venomous Stomp",
    "cost": "5",
    "costType": "ep",
    "requiredLevel": "0",
    "learningCost": "0",
    "skillType": "attack",
    "statType": "Technique",
    "requiredStat": "0",
    "skillTags": [ "Feet"],
    "fetishTags": [ "Feet", "Submitting"],
    "startsStance": "",
    "requiresStance": "Trampling",
    "unusableIfStance": [ ""],
    "requiresTargetStance": [ "Any"],
    "unusableIfTarget": [ "Penetration", "Face Sit", "Making Out", "Footjob", "Thighjob"],
    "removesStance": "None",
    "requiresStatusEffect": "None",
    "requiresStatusPotency": "0",
    "unusableIfStatusEffect": [ "None"],
    "power": "15",
    "minRange": "90",
    "maxRange": "110",
    "recoil": "0",
    "targetType": "single",
    "statusEffect": "Aphrodisiac",
    "statusChance": "120",
    "statusDuration": "10",
    "statusPotency": "15",
    "statusResistedBy": "Willpower",
    "statusText": "venom",
    "descrip": "",
    "outcome": "[AttackerName] lifts her foot briefly before stomping back down onto [TargetName]'s face with great force, which also causes her claws to wrap around the head of [TargetName], piercing [TargetHisOrHer] skin and causing a trace amount of Manticore Venom to enter [TargetHisOrHer] bloodstream.",
    "miss": "",
    "statusOutcome": "[TargetName] falls prey to the Manticore venom running through [TargetHisOrHer] body.",
    "statusMiss": "",
    "restraintStruggle": "",
    "restraintStruggleCharmed": "",
    "restraintEscaped": "",
    "restraintEscapedFail": ""
}
