{
    "name": "Numbing Stomp",
    "cost": "5",
    "costType": "ep",
    "requiredLevel": "0",
    "learningCost": "0",
    "skillType": "attack",
    "statType": "Technique",
    "requiredStat": "0",
    "skillTags": [ "Feet"],
    "fetishTags": [ "Feet", "Submitting"],
    "startsStance": "",
    "requiresStance": "Trampling",
    "unusableIfStance": [ ""],
    "requiresTargetStance": [ "Any"],
    "unusableIfTarget": [ "Penetration", "Face Sit", "Making Out", "Footjob", "Thighjob"],
    "removesStance": "None",
    "requiresStatusEffect": "None",
    "requiresStatusPotency": "0",
    "unusableIfStatusEffect": [ "None"],
    "power": "15",
    "minRange": "90",
    "maxRange": "110",
    "recoil": "20",
    "targetType": "1Hit",
    "statusEffect": "Stun",
    "statusChance": "130",
    "statusDuration": "2",
    "statusPotency": "1",
    "statusResistedBy": "Power",
    "statusText": "Stomped",
    "descrip": "",
    "outcome": "[AttackerName] raises her foot briefly off of [TargetName] only to bring it down in a powerful stomp that sends a powerful recoil through her captive target, leaving them fighting to remain in control of their senses.",
    "miss": "",
    "statusOutcome": "[TargetName] cannot hold on to their senses and is stunned underneath the powerful, webbed foot of [AttackerName].",
    "statusMiss": "[TargetName] manages to retain their senses and continues struggling.",
    "restraintStruggle": "",
    "restraintStruggleCharmed": "",
    "restraintEscaped": "",
    "restraintEscapedFail": ""
}
