{
    "name": "Paralytic Foot",
    "cost": "5",
    "costType": "ep",
    "requiredLevel": "0",
    "learningCost": "0",
    "skillType": "attack",
    "statType": "Technique",
    "requiredStat": "0",
    "skillTags": [ "Feet"],
    "fetishTags": [ "Feet", "Submitting"],
    "startsStance": "",
    "requiresStance": "Trampling",
    "unusableIfStance": [ ""],
    "requiresTargetStance": [ "Any"],
    "unusableIfTarget": [ "Penetration", "Face Sit", "Making Out", "Footjob", "Thighjob"],
    "removesStance": "None",
    "requiresStatusEffect": "None",
    "requiresStatusPotency": "0",
    "unusableIfStatusEffect": [ "None"],
    "power": "15",
    "minRange": "90",
    "maxRange": "110",
    "recoil": "20",
    "targetType": "1Hit",
    "statusEffect": "Paralysis",
    "statusChance": "120",
    "statusDuration": "1",
    "statusPotency": "1",
    "statusResistedBy": "Power",
    "statusText": "venom",
    "descrip": "",
    "outcome": "[AttackerName]'s paralytic coating works it way off her foot into the mouth of the struggling [TargetName], who actively fights to resist the effects of the mucus.",
    "miss": "",
    "statusOutcome": "But they can't hold back against the power of [AttackerName]'s paralytic mucus and find their body slowly becoming unresponsive.",
    "statusMiss": "[TargetName] manages to power through and resist [AttackerName]'s paralytic abilities.",
    "restraintStruggle": "",
    "restraintStruggleCharmed": "",
    "restraintEscaped": "",
    "restraintEscapedFail": ""
}
